2026/03/12 09:33:20 - mmengine - INFO - 
------------------------------------------------------------
System environment:
    sys.platform: linux
    Python: 3.10.19 (main, Oct 21 2025, 16:43:05) [GCC 11.2.0]
    CUDA available: True
    MUSA available: False
    numpy_random_seed: 918457032
    GPU 0: NVIDIA H100 NVL
    CUDA_HOME: /data/ataparia/conda/envs/waymo
    NVCC: Cuda compilation tools, release 11.8, V11.8.89
    GCC: gcc (Ubuntu 13.3.0-6ubuntu2~24.04.1) 13.3.0
    PyTorch: 2.1.2+cu118
    PyTorch compiling details: PyTorch built with:
  - GCC 9.3
  - C++ Version: 201703
  - Intel(R) oneAPI Math Kernel Library Version 2022.2-Product Build 20220804 for Intel(R) 64 architecture applications
  - Intel(R) MKL-DNN v3.1.1 (Git Hash 64f6bcbcbab628e96f33a62c3e975f8535a7bde4)
  - OpenMP 201511 (a.k.a. OpenMP 4.5)
  - LAPACK is enabled (usually provided by MKL)
  - NNPACK is enabled
  - CPU capability usage: AVX512
  - CUDA Runtime 11.8
  - NVCC architecture flags: -gencode;arch=compute_50,code=sm_50;-gencode;arch=compute_60,code=sm_60;-gencode;arch=compute_70,code=sm_70;-gencode;arch=compute_75,code=sm_75;-gencode;arch=compute_80,code=sm_80;-gencode;arch=compute_86,code=sm_86;-gencode;arch=compute_37,code=sm_37;-gencode;arch=compute_90,code=sm_90
  - CuDNN 8.7
  - Magma 2.6.1
  - Build settings: BLAS_INFO=mkl, BUILD_TYPE=Release, CUDA_VERSION=11.8, CUDNN_VERSION=8.7.0, CXX_COMPILER=/opt/rh/devtoolset-9/root/usr/bin/c++, CXX_FLAGS= -D_GLIBCXX_USE_CXX11_ABI=0 -fabi-version=11 -fvisibility-inlines-hidden -DUSE_PTHREADPOOL -DNDEBUG -DUSE_KINETO -DLIBKINETO_NOROCTRACER -DUSE_FBGEMM -DUSE_QNNPACK -DUSE_PYTORCH_QNNPACK -DUSE_XNNPACK -DSYMBOLICATE_MOBILE_DEBUG_HANDLE -O2 -fPIC -Wall -Wextra -Werror=return-type -Werror=non-virtual-dtor -Werror=bool-operation -Wnarrowing -Wno-missing-field-initializers -Wno-type-limits -Wno-array-bounds -Wno-unknown-pragmas -Wno-unused-parameter -Wno-unused-function -Wno-unused-result -Wno-strict-overflow -Wno-strict-aliasing -Wno-stringop-overflow -Wno-psabi -Wno-error=pedantic -Wno-error=old-style-cast -Wno-invalid-partial-specialization -Wno-unused-private-field -Wno-aligned-allocation-unavailable -Wno-missing-braces -fdiagnostics-color=always -faligned-new -Wno-unused-but-set-variable -Wno-maybe-uninitialized -fno-math-errno -fno-trapping-math -Werror=format -Werror=cast-function-type -Wno-stringop-overflow, LAPACK_INFO=mkl, PERF_WITH_AVX=1, PERF_WITH_AVX2=1, PERF_WITH_AVX512=1, TORCH_DISABLE_GPU_ASSERTS=ON, TORCH_VERSION=2.1.2, USE_CUDA=ON, USE_CUDNN=ON, USE_EXCEPTION_PTR=1, USE_GFLAGS=OFF, USE_GLOG=OFF, USE_MKL=ON, USE_MKLDNN=ON, USE_MPI=OFF, USE_NCCL=1, USE_NNPACK=ON, USE_OPENMP=ON, USE_ROCM=OFF, 

    TorchVision: 0.16.2+cu118
    OpenCV: 4.13.0
    MMEngine: 0.10.6

Runtime environment:
    dist_cfg: {'backend': 'nccl'}
    seed: 918457032
    Distributed launcher: none
    Distributed training: False
    GPU number: 1
------------------------------------------------------------

2026/03/12 09:33:21 - mmengine - INFO - Config:
auto_scale_lr = dict(base_batch_size=32, enable=False)
backend_args = None
checkpoint_config = dict(interval=1)
class_names = [
    'Car',
    'Pedestrian',
    'Cyclist',
]
custom_imports = dict(
    allow_failed_imports=False,
    imports=[
        'configs.cbam_ensemble_vlm.cbam_ensemble_vlm_film',
    ])
data_root = '/data/ataparia/LidarTraining/night-day-frames/'
dataset_type = 'WaymoDataset'
db_sampler = dict(
    backend_args=None,
    classes=[
        'Car',
        'Pedestrian',
        'Cyclist',
    ],
    data_root='/data/ataparia/LidarTraining/night-day-frames/',
    info_path=
    '/data/ataparia/LidarTraining/night-day-frames/waymo_dbinfos_train.pkl',
    points_loader=dict(
        backend_args=None,
        coord_type='LIDAR',
        load_dim=6,
        type='LoadPointsFromFile',
        use_dim=[
            0,
            1,
            2,
            3,
            4,
        ]),
    prepare=dict(
        filter_by_difficulty=[
            -1,
        ],
        filter_by_min_points=dict(Car=5, Cyclist=5, Pedestrian=5)),
    rate=1.0,
    sample_groups=dict(Car=15, Cyclist=10, Pedestrian=10))
dist_params = dict(backend='nccl')
input_modality = dict(use_camera=True, use_lidar=True)
launcher = 'none'
load_from = None
log_config = dict(
    hooks=[
        [
            dict(type='LocalVisBackend'),
            dict(type='TensorboardVisBackend'),
            dict(
                init_kwargs=dict(
                    mode='online',
                    name='cbam_ensemble_vlm_film',
                    project='MMdet_LiDAR_ObjectDetection'),
                type='WandbVisBackend'),
        ],
        dict(
            name='visualizer',
            type='DetLocalVisualizer',
            vis_backends=[
                dict(type='LocalVisBackend'),
                dict(type='TensorboardVisBackend'),
                dict(
                    init_kwargs=dict(
                        mode='online',
                        name='cbam_ensemble_vlm_film',
                        project='MMdet_LiDAR_ObjectDetection'),
                    type='WandbVisBackend'),
            ]),
    ],
    interval=50)
log_level = 'INFO'
lr_config = dict(
    policy='step',
    step=[
        20,
        23,
    ],
    warmup='linear',
    warmup_iters=1000,
    warmup_ratio=0.001)
metainfo = dict(classes=[
    'Car',
    'Pedestrian',
    'Cyclist',
])
model = dict(
    backbone=dict(
        in_channels=384,
        layer_nums=[
            5,
            5,
        ],
        layer_strides=[
            1,
            2,
        ],
        norm_cfg=dict(eps=0.001, momentum=0.01, type='naiveSyncBN2d'),
        out_channels=[
            128,
            256,
        ],
        type='SECOND'),
    bbox_head=dict(
        anchor_generator=dict(
            ranges=[
                [
                    -76.8,
                    -51.2,
                    -0.0345,
                    76.8,
                    51.2,
                    -0.0345,
                ],
                [
                    -76.8,
                    -51.2,
                    0,
                    76.8,
                    51.2,
                    0,
                ],
                [
                    -76.8,
                    -51.2,
                    -0.1188,
                    76.8,
                    51.2,
                    -0.1188,
                ],
            ],
            reshape_out=False,
            rotations=[
                0,
                1.57,
            ],
            sizes=[
                [
                    4.73,
                    2.08,
                    1.77,
                ],
                [
                    0.91,
                    0.84,
                    1.74,
                ],
                [
                    1.81,
                    0.84,
                    1.77,
                ],
            ],
            type='AlignedAnchor3DRangeGenerator'),
        bbox_coder=dict(code_size=7, type='DeltaXYZWLHRBBoxCoder'),
        diff_rad_by_sin=True,
        dir_offset=-0.7854,
        feat_channels=512,
        in_channels=512,
        loss_bbox=dict(
            beta=0.1111111111111111,
            loss_weight=1.0,
            type='mmdet.SmoothL1Loss'),
        loss_cls=dict(
            alpha=0.25,
            gamma=2.0,
            loss_weight=1.0,
            type='mmdet.FocalLoss',
            use_sigmoid=True),
        loss_dir=dict(
            loss_weight=0.2, type='mmdet.CrossEntropyLoss', use_sigmoid=False),
        num_classes=3,
        type='Anchor3DHead',
        use_direction_classifier=True),
    lidar_model_cfg_path='configs/second_detr_ensemble.py',
    lidar_model_path=
    '/data/ataparia/mmdet_lidar/work_dirs/second/epoch_100.pth',
    neck=dict(
        in_channels=[
            128,
            256,
        ],
        norm_cfg=dict(eps=0.001, momentum=0.01, type='naiveSyncBN2d'),
        out_channels=[
            256,
            256,
        ],
        type='SECONDFPN',
        upsample_strides=[
            1,
            2,
        ]),
    rgb_model_path=
    '/data/ataparia/RGBTraining/trained_models/rgb_fulldata/checkpoint-190000',
    test_cfg=dict(
        max_num=500,
        min_bbox_size=0,
        nms_across_levels=False,
        nms_pre=4096,
        nms_thr=0.25,
        score_thr=0.1,
        use_rotate_nms=True),
    test_jsonl_file='conditions/smolvlm_conditions/dawn_dusk_testing.jsonl',
    train_cfg=dict(
        allowed_border=0,
        assigner=[
            dict(
                ignore_iof_thr=-1,
                iou_calculator=dict(type='BboxOverlapsNearest3D'),
                min_pos_iou=0.4,
                neg_iou_thr=0.4,
                pos_iou_thr=0.55,
                type='mmdet.MaxIoUAssigner'),
            dict(
                ignore_iof_thr=-1,
                iou_calculator=dict(type='BboxOverlapsNearest3D'),
                min_pos_iou=0.3,
                neg_iou_thr=0.3,
                pos_iou_thr=0.5,
                type='mmdet.MaxIoUAssigner'),
            dict(
                ignore_iof_thr=-1,
                iou_calculator=dict(type='BboxOverlapsNearest3D'),
                min_pos_iou=0.3,
                neg_iou_thr=0.3,
                pos_iou_thr=0.5,
                type='mmdet.MaxIoUAssigner'),
        ],
        code_weight=[
            1.0,
            1.0,
            1.0,
            1.0,
            1.0,
            1.0,
            1.0,
        ],
        debug=False,
        pos_weight=-1),
    train_jsonl_file='conditions/night-day_training.jsonl',
    type='CBAMEnsembleVLMFiLM',
    val_jsonl_file='conditions/night-day_validation.jsonl')
momentum_config = None
mp_start_method = 'fork'
opencv_num_threads = 0
optim_wrapper = dict(
    loss_scale='dynamic',
    optimizer=dict(lr=0.001, type='AdamW', weight_decay=0.01),
    type='AmpOptimWrapper')
optimizer = dict(lr=0.001, type='AdamW', weight_decay=0.01)
optimizer_config = dict(grad_clip=dict(max_norm=35, norm_type=2))
point_cloud_range = [
    -76.8,
    -51.2,
    -2,
    76.8,
    51.2,
    4,
]
resume = True
resume_from = None
runner = dict(max_epochs=24, type='EpochBasedRunner')
test_cfg = dict(type='TestLoop')
test_data_root = '/data/ataparia/LidarTraining/dawn_dusk-frames/'
test_dataloader = dict(
    batch_size=4,
    dataset=dict(
        ann_file='waymo_infos_test.pkl',
        backend_args=None,
        box_type_3d='LiDAR',
        data_prefix=dict(img='testing/image_0', pts='testing/velodyne'),
        data_root='/data/ataparia/LidarTraining/dawn_dusk-frames/',
        default_cam_key='CAM_FRONT',
        metainfo=dict(classes=[
            'Car',
            'Pedestrian',
            'Cyclist',
        ]),
        modality=dict(use_camera=True, use_lidar=True),
        pipeline=[
            dict(
                backend_args=None,
                coord_type='LIDAR',
                load_dim=6,
                type='LoadPointsFromFile',
                use_dim=5),
            dict(
                backend_args=None,
                data_root=
                '/data/ataparia/LidarTraining/dawn_dusk-frames/testing/image_0',
                type='LoadImageFromFile'),
            dict(
                flip=False,
                img_scale=(
                    1333,
                    800,
                ),
                pts_scale_ratio=1,
                transforms=[
                    dict(
                        rot_range=[
                            0,
                            0,
                        ],
                        scale_ratio_range=[
                            1.0,
                            1.0,
                        ],
                        translation_std=[
                            0,
                            0,
                            0,
                        ],
                        type='GlobalRotScaleTrans'),
                    dict(type='RandomFlip3D'),
                    dict(
                        point_cloud_range=[
                            -76.8,
                            -51.2,
                            -2,
                            76.8,
                            51.2,
                            4,
                        ],
                        type='PointsRangeFilter'),
                ],
                type='MultiScaleFlipAug3D'),
            dict(
                keys=[
                    'points',
                    'img',
                    'gt_bboxes_3d',
                    'gt_labels_3d',
                    'gt_bboxes',
                    'gt_labels',
                ],
                meta_keys=[
                    'box_type_3d',
                    'sample_idx',
                    'context_name',
                    'timestamp',
                    'img_path',
                ],
                type='Pack3DDetInputs'),
        ],
        test_mode=True,
        type='WaymoDataset'),
    drop_last=False,
    num_workers=4,
    persistent_workers=True,
    sampler=dict(shuffle=False, type='DefaultSampler'))
test_evaluator = dict(
    type='WaymoMetric', waymo_bin_file='gt_dawn_dusk_testing.bin')
test_pipeline = [
    dict(
        backend_args=None,
        coord_type='LIDAR',
        load_dim=6,
        type='LoadPointsFromFile',
        use_dim=5),
    dict(
        backend_args=None,
        data_root=
        '/data/ataparia/LidarTraining/dawn_dusk-frames/testing/image_0',
        type='LoadImageFromFile'),
    dict(
        flip=False,
        img_scale=(
            1333,
            800,
        ),
        pts_scale_ratio=1,
        transforms=[
            dict(
                rot_range=[
                    0,
                    0,
                ],
                scale_ratio_range=[
                    1.0,
                    1.0,
                ],
                translation_std=[
                    0,
                    0,
                    0,
                ],
                type='GlobalRotScaleTrans'),
            dict(type='RandomFlip3D'),
            dict(
                point_cloud_range=[
                    -76.8,
                    -51.2,
                    -2,
                    76.8,
                    51.2,
                    4,
                ],
                type='PointsRangeFilter'),
        ],
        type='MultiScaleFlipAug3D'),
    dict(
        keys=[
            'points',
            'img',
            'gt_bboxes_3d',
            'gt_labels_3d',
            'gt_bboxes',
            'gt_labels',
        ],
        meta_keys=[
            'box_type_3d',
            'sample_idx',
            'context_name',
            'timestamp',
            'img_path',
        ],
        type='Pack3DDetInputs'),
]
train_cfg = dict(max_epochs=50, type='EpochBasedTrainLoop', val_interval=1)
train_dataloader = dict(
    batch_size=4,
    dataset=dict(
        dataset=dict(
            ann_file='waymo_infos_train.pkl',
            backend_args=None,
            box_type_3d='LiDAR',
            data_prefix=dict(img='training/image_0', pts='training/velodyne'),
            data_root='/data/ataparia/LidarTraining/night-day-frames/',
            default_cam_key='CAM_FRONT',
            load_interval=5,
            modality=dict(use_camera=True, use_lidar=True),
            pipeline=[
                dict(
                    backend_args=None,
                    coord_type='LIDAR',
                    load_dim=6,
                    type='LoadPointsFromFile',
                    use_dim=5),
                dict(
                    backend_args=None,
                    data_root=
                    '/data/ataparia/LidarTraining/night-day-frames/training/image_0',
                    type='LoadImageFromFile'),
                dict(
                    type='LoadAnnotations3D',
                    with_bbox_3d=True,
                    with_label_3d=True),
                dict(
                    flip_ratio_bev_horizontal=0.5,
                    flip_ratio_bev_vertical=0.5,
                    sync_2d=False,
                    type='RandomFlip3D'),
                dict(
                    rot_range=[
                        -0.78539816,
                        0.78539816,
                    ],
                    scale_ratio_range=[
                        0.95,
                        1.05,
                    ],
                    type='GlobalRotScaleTrans'),
                dict(
                    point_cloud_range=[
                        -76.8,
                        -51.2,
                        -2,
                        76.8,
                        51.2,
                        4,
                    ],
                    type='PointsRangeFilter'),
                dict(
                    point_cloud_range=[
                        -76.8,
                        -51.2,
                        -2,
                        76.8,
                        51.2,
                        4,
                    ],
                    type='ObjectRangeFilter'),
                dict(type='PointShuffle'),
                dict(
                    keys=[
                        'points',
                        'img',
                        'gt_bboxes_3d',
                        'gt_labels_3d',
                        'gt_bboxes',
                        'gt_labels',
                    ],
                    meta_keys=[
                        'box_type_3d',
                        'sample_idx',
                        'context_name',
                        'timestamp',
                        'img_path',
                    ],
                    type='Pack3DDetInputs'),
            ],
            test_mode=False,
            type='WaymoDataset'),
        times=2,
        type='RepeatDataset'),
    num_workers=4,
    persistent_workers=True,
    sampler=dict(shuffle=True, type='DefaultSampler'))
train_pipeline = [
    dict(
        backend_args=None,
        coord_type='LIDAR',
        load_dim=6,
        type='LoadPointsFromFile',
        use_dim=5),
    dict(
        backend_args=None,
        data_root=
        '/data/ataparia/LidarTraining/night-day-frames/training/image_0',
        type='LoadImageFromFile'),
    dict(type='LoadAnnotations3D', with_bbox_3d=True, with_label_3d=True),
    dict(
        flip_ratio_bev_horizontal=0.5,
        flip_ratio_bev_vertical=0.5,
        sync_2d=False,
        type='RandomFlip3D'),
    dict(
        rot_range=[
            -0.78539816,
            0.78539816,
        ],
        scale_ratio_range=[
            0.95,
            1.05,
        ],
        type='GlobalRotScaleTrans'),
    dict(
        point_cloud_range=[
            -76.8,
            -51.2,
            -2,
            76.8,
            51.2,
            4,
        ],
        type='PointsRangeFilter'),
    dict(
        point_cloud_range=[
            -76.8,
            -51.2,
            -2,
            76.8,
            51.2,
            4,
        ],
        type='ObjectRangeFilter'),
    dict(type='PointShuffle'),
    dict(
        keys=[
            'points',
            'img',
            'gt_bboxes_3d',
            'gt_labels_3d',
            'gt_bboxes',
            'gt_labels',
        ],
        meta_keys=[
            'box_type_3d',
            'sample_idx',
            'context_name',
            'timestamp',
            'img_path',
        ],
        type='Pack3DDetInputs'),
]
val_cfg = dict(type='ValLoop')
val_dataloader = dict(
    batch_size=4,
    dataset=dict(
        ann_file='waymo_infos_val.pkl',
        backend_args=None,
        box_type_3d='LiDAR',
        data_prefix=dict(img='training/image_0', pts='training/velodyne'),
        data_root='/data/ataparia/LidarTraining/night-day-frames/',
        default_cam_key='CAM_FRONT',
        metainfo=dict(classes=[
            'Car',
            'Pedestrian',
            'Cyclist',
        ]),
        modality=dict(use_camera=True, use_lidar=True),
        pipeline=[
            dict(
                backend_args=None,
                coord_type='LIDAR',
                load_dim=6,
                type='LoadPointsFromFile',
                use_dim=5),
            dict(
                backend_args=None,
                data_root=
                '/data/ataparia/LidarTraining/night-day-frames/training/image_0',
                type='LoadImageFromFile'),
            dict(
                flip=False,
                img_scale=(
                    1333,
                    800,
                ),
                pts_scale_ratio=1,
                transforms=[
                    dict(
                        rot_range=[
                            0,
                            0,
                        ],
                        scale_ratio_range=[
                            1.0,
                            1.0,
                        ],
                        translation_std=[
                            0,
                            0,
                            0,
                        ],
                        type='GlobalRotScaleTrans'),
                    dict(type='RandomFlip3D'),
                    dict(
                        point_cloud_range=[
                            -76.8,
                            -51.2,
                            -2,
                            76.8,
                            51.2,
                            4,
                        ],
                        type='PointsRangeFilter'),
                ],
                type='MultiScaleFlipAug3D'),
            dict(
                keys=[
                    'points',
                    'img',
                    'gt_bboxes_3d',
                    'gt_labels_3d',
                    'gt_bboxes',
                    'gt_labels',
                ],
                meta_keys=[
                    'box_type_3d',
                    'sample_idx',
                    'context_name',
                    'timestamp',
                    'img_path',
                ],
                type='Pack3DDetInputs'),
        ],
        test_mode=True,
        type='WaymoDataset'),
    drop_last=False,
    num_workers=4,
    persistent_workers=True,
    sampler=dict(shuffle=False, type='DefaultSampler'))
val_evaluator = dict(type='WaymoMetric', waymo_bin_file='gt_validation.bin')
val_pipeline = [
    dict(
        backend_args=None,
        coord_type='LIDAR',
        load_dim=6,
        type='LoadPointsFromFile',
        use_dim=5),
    dict(
        backend_args=None,
        data_root=
        '/data/ataparia/LidarTraining/night-day-frames/training/image_0',
        type='LoadImageFromFile'),
    dict(
        flip=False,
        img_scale=(
            1333,
            800,
        ),
        pts_scale_ratio=1,
        transforms=[
            dict(
                rot_range=[
                    0,
                    0,
                ],
                scale_ratio_range=[
                    1.0,
                    1.0,
                ],
                translation_std=[
                    0,
                    0,
                    0,
                ],
                type='GlobalRotScaleTrans'),
            dict(type='RandomFlip3D'),
            dict(
                point_cloud_range=[
                    -76.8,
                    -51.2,
                    -2,
                    76.8,
                    51.2,
                    4,
                ],
                type='PointsRangeFilter'),
        ],
        type='MultiScaleFlipAug3D'),
    dict(
        keys=[
            'points',
            'img',
            'gt_bboxes_3d',
            'gt_labels_3d',
            'gt_bboxes',
            'gt_labels',
        ],
        meta_keys=[
            'box_type_3d',
            'sample_idx',
            'context_name',
            'timestamp',
            'img_path',
        ],
        type='Pack3DDetInputs'),
]
work_dir = 'YOUR_PATH/cbam_ensemble_vlm_film_30_conditions'
workflow = [
    (
        'train',
        1,
    ),
]

2026/03/12 09:33:22 - mmengine - WARNING - The current default scope "mmengine" is not "mmdet3d", `init_default_scope` will force set the currentdefault scope to "mmdet3d".
2026/03/12 09:33:25 - mmengine - INFO - Distributed training is not used, all SyncBatchNorm (SyncBN) layers in the model will be automatically reverted to BatchNormXd layers if they are used.
2026/03/12 09:33:25 - mmengine - INFO - Hooks will be executed in the following order:
before_run:
(VERY_HIGH   ) RuntimeInfoHook                    
(BELOW_NORMAL) LoggerHook                         
 -------------------- 
before_train:
(VERY_HIGH   ) RuntimeInfoHook                    
(NORMAL      ) IterTimerHook                      
(VERY_LOW    ) CheckpointHook                     
 -------------------- 
before_train_epoch:
(VERY_HIGH   ) RuntimeInfoHook                    
(NORMAL      ) IterTimerHook                      
(NORMAL      ) DistSamplerSeedHook                
 -------------------- 
before_train_iter:
(VERY_HIGH   ) RuntimeInfoHook                    
(NORMAL      ) IterTimerHook                      
 -------------------- 
after_train_iter:
(VERY_HIGH   ) RuntimeInfoHook                    
(NORMAL      ) IterTimerHook                      
(BELOW_NORMAL) LoggerHook                         
(LOW         ) ParamSchedulerHook                 
(VERY_LOW    ) CheckpointHook                     
 -------------------- 
after_train_epoch:
(NORMAL      ) IterTimerHook                      
(LOW         ) ParamSchedulerHook                 
(VERY_LOW    ) CheckpointHook                     
 -------------------- 
before_val:
(VERY_HIGH   ) RuntimeInfoHook                    
 -------------------- 
before_val_epoch:
(NORMAL      ) IterTimerHook                      
 -------------------- 
before_val_iter:
(NORMAL      ) IterTimerHook                      
 -------------------- 
after_val_iter:
(NORMAL      ) IterTimerHook                      
(BELOW_NORMAL) LoggerHook                         
 -------------------- 
after_val_epoch:
(VERY_HIGH   ) RuntimeInfoHook                    
(NORMAL      ) IterTimerHook                      
(BELOW_NORMAL) LoggerHook                         
(LOW         ) ParamSchedulerHook                 
(VERY_LOW    ) CheckpointHook                     
 -------------------- 
after_val:
(VERY_HIGH   ) RuntimeInfoHook                    
 -------------------- 
after_train:
(VERY_HIGH   ) RuntimeInfoHook                    
(VERY_LOW    ) CheckpointHook                     
 -------------------- 
before_test:
(VERY_HIGH   ) RuntimeInfoHook                    
 -------------------- 
before_test_epoch:
(NORMAL      ) IterTimerHook                      
 -------------------- 
before_test_iter:
(NORMAL      ) IterTimerHook                      
 -------------------- 
after_test_iter:
(NORMAL      ) IterTimerHook                      
(BELOW_NORMAL) LoggerHook                         
 -------------------- 
after_test_epoch:
(VERY_HIGH   ) RuntimeInfoHook                    
(NORMAL      ) IterTimerHook                      
(BELOW_NORMAL) LoggerHook                         
 -------------------- 
after_test:
(VERY_HIGH   ) RuntimeInfoHook                    
 -------------------- 
after_run:
(BELOW_NORMAL) LoggerHook                         
 -------------------- 
2026/03/12 09:34:33 - mmengine - INFO - Sample size will be reduced to 1/5 of the original data sample
2026/03/12 09:34:43 - mmengine - INFO - ------------------------------
2026/03/12 09:34:43 - mmengine - INFO - The length of training dataset: 14623
2026/03/12 09:34:43 - mmengine - INFO - The number of instances per category in the dataset:
+------------+--------+
| category   | number |
+------------+--------+
| Car        | 491755 |
| Pedestrian | 339095 |
| Cyclist    | 6085   |
+------------+--------+
2026/03/12 09:34:56 - mmengine - INFO - ------------------------------
2026/03/12 09:34:56 - mmengine - INFO - The length of test dataset: 9139
2026/03/12 09:34:56 - mmengine - INFO - The number of instances per category in the dataset:
+------------+--------+
| category   | number |
+------------+--------+
| Car        | 305898 |
| Pedestrian | 215689 |
| Cyclist    | 3769   |
+------------+--------+
Name of parameter - Initialization information

rgb_backbone.conv_encoder.model.conv1.weight - torch.Size([64, 3, 7, 7]): 
The value is the same before and after calling `init_weights` of CBAMEnsembleVLMFiLM  

rgb_backbone.conv_encoder.model.layer1.0.conv1.weight - torch.Size([64, 64, 1, 1]): 
The value is the same before and after calling `init_weights` of CBAMEnsembleVLMFiLM  

rgb_backbone.conv_encoder.model.layer1.0.conv2.weight - torch.Size([64, 64, 3, 3]): 
The value is the same before and after calling `init_weights` of CBAMEnsembleVLMFiLM  

rgb_backbone.conv_encoder.model.layer1.0.conv3.weight - torch.Size([256, 64, 1, 1]): 
The value is the same before and after calling `init_weights` of CBAMEnsembleVLMFiLM  

rgb_backbone.conv_encoder.model.layer1.0.downsample.0.weight - torch.Size([256, 64, 1, 1]): 
The value is the same before and after calling `init_weights` of CBAMEnsembleVLMFiLM  

rgb_backbone.conv_encoder.model.layer1.1.conv1.weight - torch.Size([64, 256, 1, 1]): 
The value is the same before and after calling `init_weights` of CBAMEnsembleVLMFiLM  

rgb_backbone.conv_encoder.model.layer1.1.conv2.weight - torch.Size([64, 64, 3, 3]): 
The value is the same before and after calling `init_weights` of CBAMEnsembleVLMFiLM  

rgb_backbone.conv_encoder.model.layer1.1.conv3.weight - torch.Size([256, 64, 1, 1]): 
The value is the same before and after calling `init_weights` of CBAMEnsembleVLMFiLM  

rgb_backbone.conv_encoder.model.layer1.2.conv1.weight - torch.Size([64, 256, 1, 1]): 
The value is the same before and after calling `init_weights` of CBAMEnsembleVLMFiLM  

rgb_backbone.conv_encoder.model.layer1.2.conv2.weight - torch.Size([64, 64, 3, 3]): 
The value is the same before and after calling `init_weights` of CBAMEnsembleVLMFiLM  

rgb_backbone.conv_encoder.model.layer1.2.conv3.weight - torch.Size([256, 64, 1, 1]): 
The value is the same before and after calling `init_weights` of CBAMEnsembleVLMFiLM  

rgb_backbone.conv_encoder.model.layer2.0.conv1.weight - torch.Size([128, 256, 1, 1]): 
The value is the same before and after calling `init_weights` of CBAMEnsembleVLMFiLM  

rgb_backbone.conv_encoder.model.layer2.0.conv2.weight - torch.Size([128, 128, 3, 3]): 
The value is the same before and after calling `init_weights` of CBAMEnsembleVLMFiLM  

rgb_backbone.conv_encoder.model.layer2.0.conv3.weight - torch.Size([512, 128, 1, 1]): 
The value is the same before and after calling `init_weights` of CBAMEnsembleVLMFiLM  

rgb_backbone.conv_encoder.model.layer2.0.downsample.0.weight - torch.Size([512, 256, 1, 1]): 
The value is the same before and after calling `init_weights` of CBAMEnsembleVLMFiLM  

rgb_backbone.conv_encoder.model.layer2.1.conv1.weight - torch.Size([128, 512, 1, 1]): 
The value is the same before and after calling `init_weights` of CBAMEnsembleVLMFiLM  

rgb_backbone.conv_encoder.model.layer2.1.conv2.weight - torch.Size([128, 128, 3, 3]): 
The value is the same before and after calling `init_weights` of CBAMEnsembleVLMFiLM  

rgb_backbone.conv_encoder.model.layer2.1.conv3.weight - torch.Size([512, 128, 1, 1]): 
The value is the same before and after calling `init_weights` of CBAMEnsembleVLMFiLM  

rgb_backbone.conv_encoder.model.layer2.2.conv1.weight - torch.Size([128, 512, 1, 1]): 
The value is the same before and after calling `init_weights` of CBAMEnsembleVLMFiLM  

rgb_backbone.conv_encoder.model.layer2.2.conv2.weight - torch.Size([128, 128, 3, 3]): 
The value is the same before and after calling `init_weights` of CBAMEnsembleVLMFiLM  

rgb_backbone.conv_encoder.model.layer2.2.conv3.weight - torch.Size([512, 128, 1, 1]): 
The value is the same before and after calling `init_weights` of CBAMEnsembleVLMFiLM  

rgb_backbone.conv_encoder.model.layer2.3.conv1.weight - torch.Size([128, 512, 1, 1]): 
The value is the same before and after calling `init_weights` of CBAMEnsembleVLMFiLM  

rgb_backbone.conv_encoder.model.layer2.3.conv2.weight - torch.Size([128, 128, 3, 3]): 
The value is the same before and after calling `init_weights` of CBAMEnsembleVLMFiLM  

rgb_backbone.conv_encoder.model.layer2.3.conv3.weight - torch.Size([512, 128, 1, 1]): 
The value is the same before and after calling `init_weights` of CBAMEnsembleVLMFiLM  

rgb_backbone.conv_encoder.model.layer3.0.conv1.weight - torch.Size([256, 512, 1, 1]): 
The value is the same before and after calling `init_weights` of CBAMEnsembleVLMFiLM  

rgb_backbone.conv_encoder.model.layer3.0.conv2.weight - torch.Size([256, 256, 3, 3]): 
The value is the same before and after calling `init_weights` of CBAMEnsembleVLMFiLM  

rgb_backbone.conv_encoder.model.layer3.0.conv3.weight - torch.Size([1024, 256, 1, 1]): 
The value is the same before and after calling `init_weights` of CBAMEnsembleVLMFiLM  

rgb_backbone.conv_encoder.model.layer3.0.downsample.0.weight - torch.Size([1024, 512, 1, 1]): 
The value is the same before and after calling `init_weights` of CBAMEnsembleVLMFiLM  

rgb_backbone.conv_encoder.model.layer3.1.conv1.weight - torch.Size([256, 1024, 1, 1]): 
The value is the same before and after calling `init_weights` of CBAMEnsembleVLMFiLM  

rgb_backbone.conv_encoder.model.layer3.1.conv2.weight - torch.Size([256, 256, 3, 3]): 
The value is the same before and after calling `init_weights` of CBAMEnsembleVLMFiLM  

rgb_backbone.conv_encoder.model.layer3.1.conv3.weight - torch.Size([1024, 256, 1, 1]): 
The value is the same before and after calling `init_weights` of CBAMEnsembleVLMFiLM  

rgb_backbone.conv_encoder.model.layer3.2.conv1.weight - torch.Size([256, 1024, 1, 1]): 
The value is the same before and after calling `init_weights` of CBAMEnsembleVLMFiLM  

rgb_backbone.conv_encoder.model.layer3.2.conv2.weight - torch.Size([256, 256, 3, 3]): 
The value is the same before and after calling `init_weights` of CBAMEnsembleVLMFiLM  

rgb_backbone.conv_encoder.model.layer3.2.conv3.weight - torch.Size([1024, 256, 1, 1]): 
The value is the same before and after calling `init_weights` of CBAMEnsembleVLMFiLM  

rgb_backbone.conv_encoder.model.layer3.3.conv1.weight - torch.Size([256, 1024, 1, 1]): 
The value is the same before and after calling `init_weights` of CBAMEnsembleVLMFiLM  

rgb_backbone.conv_encoder.model.layer3.3.conv2.weight - torch.Size([256, 256, 3, 3]): 
The value is the same before and after calling `init_weights` of CBAMEnsembleVLMFiLM  

rgb_backbone.conv_encoder.model.layer3.3.conv3.weight - torch.Size([1024, 256, 1, 1]): 
The value is the same before and after calling `init_weights` of CBAMEnsembleVLMFiLM  

rgb_backbone.conv_encoder.model.layer3.4.conv1.weight - torch.Size([256, 1024, 1, 1]): 
The value is the same before and after calling `init_weights` of CBAMEnsembleVLMFiLM  

rgb_backbone.conv_encoder.model.layer3.4.conv2.weight - torch.Size([256, 256, 3, 3]): 
The value is the same before and after calling `init_weights` of CBAMEnsembleVLMFiLM  

rgb_backbone.conv_encoder.model.layer3.4.conv3.weight - torch.Size([1024, 256, 1, 1]): 
The value is the same before and after calling `init_weights` of CBAMEnsembleVLMFiLM  

rgb_backbone.conv_encoder.model.layer3.5.conv1.weight - torch.Size([256, 1024, 1, 1]): 
The value is the same before and after calling `init_weights` of CBAMEnsembleVLMFiLM  

rgb_backbone.conv_encoder.model.layer3.5.conv2.weight - torch.Size([256, 256, 3, 3]): 
The value is the same before and after calling `init_weights` of CBAMEnsembleVLMFiLM  

rgb_backbone.conv_encoder.model.layer3.5.conv3.weight - torch.Size([1024, 256, 1, 1]): 
The value is the same before and after calling `init_weights` of CBAMEnsembleVLMFiLM  

rgb_backbone.conv_encoder.model.layer3.6.conv1.weight - torch.Size([256, 1024, 1, 1]): 
The value is the same before and after calling `init_weights` of CBAMEnsembleVLMFiLM  

rgb_backbone.conv_encoder.model.layer3.6.conv2.weight - torch.Size([256, 256, 3, 3]): 
The value is the same before and after calling `init_weights` of CBAMEnsembleVLMFiLM  

rgb_backbone.conv_encoder.model.layer3.6.conv3.weight - torch.Size([1024, 256, 1, 1]): 
The value is the same before and after calling `init_weights` of CBAMEnsembleVLMFiLM  

rgb_backbone.conv_encoder.model.layer3.7.conv1.weight - torch.Size([256, 1024, 1, 1]): 
The value is the same before and after calling `init_weights` of CBAMEnsembleVLMFiLM  

rgb_backbone.conv_encoder.model.layer3.7.conv2.weight - torch.Size([256, 256, 3, 3]): 
The value is the same before and after calling `init_weights` of CBAMEnsembleVLMFiLM  

rgb_backbone.conv_encoder.model.layer3.7.conv3.weight - torch.Size([1024, 256, 1, 1]): 
The value is the same before and after calling `init_weights` of CBAMEnsembleVLMFiLM  

rgb_backbone.conv_encoder.model.layer3.8.conv1.weight - torch.Size([256, 1024, 1, 1]): 
The value is the same before and after calling `init_weights` of CBAMEnsembleVLMFiLM  

rgb_backbone.conv_encoder.model.layer3.8.conv2.weight - torch.Size([256, 256, 3, 3]): 
The value is the same before and after calling `init_weights` of CBAMEnsembleVLMFiLM  

rgb_backbone.conv_encoder.model.layer3.8.conv3.weight - torch.Size([1024, 256, 1, 1]): 
The value is the same before and after calling `init_weights` of CBAMEnsembleVLMFiLM  

rgb_backbone.conv_encoder.model.layer3.9.conv1.weight - torch.Size([256, 1024, 1, 1]): 
The value is the same before and after calling `init_weights` of CBAMEnsembleVLMFiLM  

rgb_backbone.conv_encoder.model.layer3.9.conv2.weight - torch.Size([256, 256, 3, 3]): 
The value is the same before and after calling `init_weights` of CBAMEnsembleVLMFiLM  

rgb_backbone.conv_encoder.model.layer3.9.conv3.weight - torch.Size([1024, 256, 1, 1]): 
The value is the same before and after calling `init_weights` of CBAMEnsembleVLMFiLM  

rgb_backbone.conv_encoder.model.layer3.10.conv1.weight - torch.Size([256, 1024, 1, 1]): 
The value is the same before and after calling `init_weights` of CBAMEnsembleVLMFiLM  

rgb_backbone.conv_encoder.model.layer3.10.conv2.weight - torch.Size([256, 256, 3, 3]): 
The value is the same before and after calling `init_weights` of CBAMEnsembleVLMFiLM  

rgb_backbone.conv_encoder.model.layer3.10.conv3.weight - torch.Size([1024, 256, 1, 1]): 
The value is the same before and after calling `init_weights` of CBAMEnsembleVLMFiLM  

rgb_backbone.conv_encoder.model.layer3.11.conv1.weight - torch.Size([256, 1024, 1, 1]): 
The value is the same before and after calling `init_weights` of CBAMEnsembleVLMFiLM  

rgb_backbone.conv_encoder.model.layer3.11.conv2.weight - torch.Size([256, 256, 3, 3]): 
The value is the same before and after calling `init_weights` of CBAMEnsembleVLMFiLM  

rgb_backbone.conv_encoder.model.layer3.11.conv3.weight - torch.Size([1024, 256, 1, 1]): 
The value is the same before and after calling `init_weights` of CBAMEnsembleVLMFiLM  

rgb_backbone.conv_encoder.model.layer3.12.conv1.weight - torch.Size([256, 1024, 1, 1]): 
The value is the same before and after calling `init_weights` of CBAMEnsembleVLMFiLM  

rgb_backbone.conv_encoder.model.layer3.12.conv2.weight - torch.Size([256, 256, 3, 3]): 
The value is the same before and after calling `init_weights` of CBAMEnsembleVLMFiLM  

rgb_backbone.conv_encoder.model.layer3.12.conv3.weight - torch.Size([1024, 256, 1, 1]): 
The value is the same before and after calling `init_weights` of CBAMEnsembleVLMFiLM  

rgb_backbone.conv_encoder.model.layer3.13.conv1.weight - torch.Size([256, 1024, 1, 1]): 
The value is the same before and after calling `init_weights` of CBAMEnsembleVLMFiLM  

rgb_backbone.conv_encoder.model.layer3.13.conv2.weight - torch.Size([256, 256, 3, 3]): 
The value is the same before and after calling `init_weights` of CBAMEnsembleVLMFiLM  

rgb_backbone.conv_encoder.model.layer3.13.conv3.weight - torch.Size([1024, 256, 1, 1]): 
The value is the same before and after calling `init_weights` of CBAMEnsembleVLMFiLM  

rgb_backbone.conv_encoder.model.layer3.14.conv1.weight - torch.Size([256, 1024, 1, 1]): 
The value is the same before and after calling `init_weights` of CBAMEnsembleVLMFiLM  

rgb_backbone.conv_encoder.model.layer3.14.conv2.weight - torch.Size([256, 256, 3, 3]): 
The value is the same before and after calling `init_weights` of CBAMEnsembleVLMFiLM  

rgb_backbone.conv_encoder.model.layer3.14.conv3.weight - torch.Size([1024, 256, 1, 1]): 
The value is the same before and after calling `init_weights` of CBAMEnsembleVLMFiLM  

rgb_backbone.conv_encoder.model.layer3.15.conv1.weight - torch.Size([256, 1024, 1, 1]): 
The value is the same before and after calling `init_weights` of CBAMEnsembleVLMFiLM  

rgb_backbone.conv_encoder.model.layer3.15.conv2.weight - torch.Size([256, 256, 3, 3]): 
The value is the same before and after calling `init_weights` of CBAMEnsembleVLMFiLM  

rgb_backbone.conv_encoder.model.layer3.15.conv3.weight - torch.Size([1024, 256, 1, 1]): 
The value is the same before and after calling `init_weights` of CBAMEnsembleVLMFiLM  

rgb_backbone.conv_encoder.model.layer3.16.conv1.weight - torch.Size([256, 1024, 1, 1]): 
The value is the same before and after calling `init_weights` of CBAMEnsembleVLMFiLM  

rgb_backbone.conv_encoder.model.layer3.16.conv2.weight - torch.Size([256, 256, 3, 3]): 
The value is the same before and after calling `init_weights` of CBAMEnsembleVLMFiLM  

rgb_backbone.conv_encoder.model.layer3.16.conv3.weight - torch.Size([1024, 256, 1, 1]): 
The value is the same before and after calling `init_weights` of CBAMEnsembleVLMFiLM  

rgb_backbone.conv_encoder.model.layer3.17.conv1.weight - torch.Size([256, 1024, 1, 1]): 
The value is the same before and after calling `init_weights` of CBAMEnsembleVLMFiLM  

rgb_backbone.conv_encoder.model.layer3.17.conv2.weight - torch.Size([256, 256, 3, 3]): 
The value is the same before and after calling `init_weights` of CBAMEnsembleVLMFiLM  

rgb_backbone.conv_encoder.model.layer3.17.conv3.weight - torch.Size([1024, 256, 1, 1]): 
The value is the same before and after calling `init_weights` of CBAMEnsembleVLMFiLM  

rgb_backbone.conv_encoder.model.layer3.18.conv1.weight - torch.Size([256, 1024, 1, 1]): 
The value is the same before and after calling `init_weights` of CBAMEnsembleVLMFiLM  

rgb_backbone.conv_encoder.model.layer3.18.conv2.weight - torch.Size([256, 256, 3, 3]): 
The value is the same before and after calling `init_weights` of CBAMEnsembleVLMFiLM  

rgb_backbone.conv_encoder.model.layer3.18.conv3.weight - torch.Size([1024, 256, 1, 1]): 
The value is the same before and after calling `init_weights` of CBAMEnsembleVLMFiLM  

rgb_backbone.conv_encoder.model.layer3.19.conv1.weight - torch.Size([256, 1024, 1, 1]): 
The value is the same before and after calling `init_weights` of CBAMEnsembleVLMFiLM  

rgb_backbone.conv_encoder.model.layer3.19.conv2.weight - torch.Size([256, 256, 3, 3]): 
The value is the same before and after calling `init_weights` of CBAMEnsembleVLMFiLM  

rgb_backbone.conv_encoder.model.layer3.19.conv3.weight - torch.Size([1024, 256, 1, 1]): 
The value is the same before and after calling `init_weights` of CBAMEnsembleVLMFiLM  

rgb_backbone.conv_encoder.model.layer3.20.conv1.weight - torch.Size([256, 1024, 1, 1]): 
The value is the same before and after calling `init_weights` of CBAMEnsembleVLMFiLM  

rgb_backbone.conv_encoder.model.layer3.20.conv2.weight - torch.Size([256, 256, 3, 3]): 
The value is the same before and after calling `init_weights` of CBAMEnsembleVLMFiLM  

rgb_backbone.conv_encoder.model.layer3.20.conv3.weight - torch.Size([1024, 256, 1, 1]): 
The value is the same before and after calling `init_weights` of CBAMEnsembleVLMFiLM  

rgb_backbone.conv_encoder.model.layer3.21.conv1.weight - torch.Size([256, 1024, 1, 1]): 
The value is the same before and after calling `init_weights` of CBAMEnsembleVLMFiLM  

rgb_backbone.conv_encoder.model.layer3.21.conv2.weight - torch.Size([256, 256, 3, 3]): 
The value is the same before and after calling `init_weights` of CBAMEnsembleVLMFiLM  

rgb_backbone.conv_encoder.model.layer3.21.conv3.weight - torch.Size([1024, 256, 1, 1]): 
The value is the same before and after calling `init_weights` of CBAMEnsembleVLMFiLM  

rgb_backbone.conv_encoder.model.layer3.22.conv1.weight - torch.Size([256, 1024, 1, 1]): 
The value is the same before and after calling `init_weights` of CBAMEnsembleVLMFiLM  

rgb_backbone.conv_encoder.model.layer3.22.conv2.weight - torch.Size([256, 256, 3, 3]): 
The value is the same before and after calling `init_weights` of CBAMEnsembleVLMFiLM  

rgb_backbone.conv_encoder.model.layer3.22.conv3.weight - torch.Size([1024, 256, 1, 1]): 
The value is the same before and after calling `init_weights` of CBAMEnsembleVLMFiLM  

rgb_backbone.conv_encoder.model.layer4.0.conv1.weight - torch.Size([512, 1024, 1, 1]): 
The value is the same before and after calling `init_weights` of CBAMEnsembleVLMFiLM  

rgb_backbone.conv_encoder.model.layer4.0.conv2.weight - torch.Size([512, 512, 3, 3]): 
The value is the same before and after calling `init_weights` of CBAMEnsembleVLMFiLM  

rgb_backbone.conv_encoder.model.layer4.0.conv3.weight - torch.Size([2048, 512, 1, 1]): 
The value is the same before and after calling `init_weights` of CBAMEnsembleVLMFiLM  

rgb_backbone.conv_encoder.model.layer4.0.downsample.0.weight - torch.Size([2048, 1024, 1, 1]): 
The value is the same before and after calling `init_weights` of CBAMEnsembleVLMFiLM  

rgb_backbone.conv_encoder.model.layer4.1.conv1.weight - torch.Size([512, 2048, 1, 1]): 
The value is the same before and after calling `init_weights` of CBAMEnsembleVLMFiLM  

rgb_backbone.conv_encoder.model.layer4.1.conv2.weight - torch.Size([512, 512, 3, 3]): 
The value is the same before and after calling `init_weights` of CBAMEnsembleVLMFiLM  

rgb_backbone.conv_encoder.model.layer4.1.conv3.weight - torch.Size([2048, 512, 1, 1]): 
The value is the same before and after calling `init_weights` of CBAMEnsembleVLMFiLM  

rgb_backbone.conv_encoder.model.layer4.2.conv1.weight - torch.Size([512, 2048, 1, 1]): 
The value is the same before and after calling `init_weights` of CBAMEnsembleVLMFiLM  

rgb_backbone.conv_encoder.model.layer4.2.conv2.weight - torch.Size([512, 512, 3, 3]): 
The value is the same before and after calling `init_weights` of CBAMEnsembleVLMFiLM  

rgb_backbone.conv_encoder.model.layer4.2.conv3.weight - torch.Size([2048, 512, 1, 1]): 
The value is the same before and after calling `init_weights` of CBAMEnsembleVLMFiLM  

rgb_input_projection.weight - torch.Size([256, 2048, 1, 1]): 
The value is the same before and after calling `init_weights` of CBAMEnsembleVLMFiLM  

rgb_input_projection.bias - torch.Size([256]): 
The value is the same before and after calling `init_weights` of CBAMEnsembleVLMFiLM  

lidar_backbone.blocks.0.0.weight - torch.Size([128, 384, 3, 3]): 
KaimingInit: a=0, mode=fan_out, nonlinearity=relu, distribution =normal, bias=0 

lidar_backbone.blocks.0.1.weight - torch.Size([128]): 
The value is the same before and after calling `init_weights` of CBAMEnsembleVLMFiLM  

lidar_backbone.blocks.0.1.bias - torch.Size([128]): 
The value is the same before and after calling `init_weights` of CBAMEnsembleVLMFiLM  

lidar_backbone.blocks.0.3.weight - torch.Size([128, 128, 3, 3]): 
KaimingInit: a=0, mode=fan_out, nonlinearity=relu, distribution =normal, bias=0 

lidar_backbone.blocks.0.4.weight - torch.Size([128]): 
The value is the same before and after calling `init_weights` of CBAMEnsembleVLMFiLM  

lidar_backbone.blocks.0.4.bias - torch.Size([128]): 
The value is the same before and after calling `init_weights` of CBAMEnsembleVLMFiLM  

lidar_backbone.blocks.0.6.weight - torch.Size([128, 128, 3, 3]): 
KaimingInit: a=0, mode=fan_out, nonlinearity=relu, distribution =normal, bias=0 

lidar_backbone.blocks.0.7.weight - torch.Size([128]): 
The value is the same before and after calling `init_weights` of CBAMEnsembleVLMFiLM  

lidar_backbone.blocks.0.7.bias - torch.Size([128]): 
The value is the same before and after calling `init_weights` of CBAMEnsembleVLMFiLM  

lidar_backbone.blocks.0.9.weight - torch.Size([128, 128, 3, 3]): 
KaimingInit: a=0, mode=fan_out, nonlinearity=relu, distribution =normal, bias=0 

lidar_backbone.blocks.0.10.weight - torch.Size([128]): 
The value is the same before and after calling `init_weights` of CBAMEnsembleVLMFiLM  

lidar_backbone.blocks.0.10.bias - torch.Size([128]): 
The value is the same before and after calling `init_weights` of CBAMEnsembleVLMFiLM  

lidar_backbone.blocks.0.12.weight - torch.Size([128, 128, 3, 3]): 
KaimingInit: a=0, mode=fan_out, nonlinearity=relu, distribution =normal, bias=0 

lidar_backbone.blocks.0.13.weight - torch.Size([128]): 
The value is the same before and after calling `init_weights` of CBAMEnsembleVLMFiLM  

lidar_backbone.blocks.0.13.bias - torch.Size([128]): 
The value is the same before and after calling `init_weights` of CBAMEnsembleVLMFiLM  

lidar_backbone.blocks.0.15.weight - torch.Size([128, 128, 3, 3]): 
KaimingInit: a=0, mode=fan_out, nonlinearity=relu, distribution =normal, bias=0 

lidar_backbone.blocks.0.16.weight - torch.Size([128]): 
The value is the same before and after calling `init_weights` of CBAMEnsembleVLMFiLM  

lidar_backbone.blocks.0.16.bias - torch.Size([128]): 
The value is the same before and after calling `init_weights` of CBAMEnsembleVLMFiLM  

lidar_backbone.blocks.1.0.weight - torch.Size([256, 128, 3, 3]): 
KaimingInit: a=0, mode=fan_out, nonlinearity=relu, distribution =normal, bias=0 

lidar_backbone.blocks.1.1.weight - torch.Size([256]): 
The value is the same before and after calling `init_weights` of CBAMEnsembleVLMFiLM  

lidar_backbone.blocks.1.1.bias - torch.Size([256]): 
The value is the same before and after calling `init_weights` of CBAMEnsembleVLMFiLM  

lidar_backbone.blocks.1.3.weight - torch.Size([256, 256, 3, 3]): 
KaimingInit: a=0, mode=fan_out, nonlinearity=relu, distribution =normal, bias=0 

lidar_backbone.blocks.1.4.weight - torch.Size([256]): 
The value is the same before and after calling `init_weights` of CBAMEnsembleVLMFiLM  

lidar_backbone.blocks.1.4.bias - torch.Size([256]): 
The value is the same before and after calling `init_weights` of CBAMEnsembleVLMFiLM  

lidar_backbone.blocks.1.6.weight - torch.Size([256, 256, 3, 3]): 
KaimingInit: a=0, mode=fan_out, nonlinearity=relu, distribution =normal, bias=0 

lidar_backbone.blocks.1.7.weight - torch.Size([256]): 
The value is the same before and after calling `init_weights` of CBAMEnsembleVLMFiLM  

lidar_backbone.blocks.1.7.bias - torch.Size([256]): 
The value is the same before and after calling `init_weights` of CBAMEnsembleVLMFiLM  

lidar_backbone.blocks.1.9.weight - torch.Size([256, 256, 3, 3]): 
KaimingInit: a=0, mode=fan_out, nonlinearity=relu, distribution =normal, bias=0 

lidar_backbone.blocks.1.10.weight - torch.Size([256]): 
The value is the same before and after calling `init_weights` of CBAMEnsembleVLMFiLM  

lidar_backbone.blocks.1.10.bias - torch.Size([256]): 
The value is the same before and after calling `init_weights` of CBAMEnsembleVLMFiLM  

lidar_backbone.blocks.1.12.weight - torch.Size([256, 256, 3, 3]): 
KaimingInit: a=0, mode=fan_out, nonlinearity=relu, distribution =normal, bias=0 

lidar_backbone.blocks.1.13.weight - torch.Size([256]): 
The value is the same before and after calling `init_weights` of CBAMEnsembleVLMFiLM  

lidar_backbone.blocks.1.13.bias - torch.Size([256]): 
The value is the same before and after calling `init_weights` of CBAMEnsembleVLMFiLM  

lidar_backbone.blocks.1.15.weight - torch.Size([256, 256, 3, 3]): 
KaimingInit: a=0, mode=fan_out, nonlinearity=relu, distribution =normal, bias=0 

lidar_backbone.blocks.1.16.weight - torch.Size([256]): 
The value is the same before and after calling `init_weights` of CBAMEnsembleVLMFiLM  

lidar_backbone.blocks.1.16.bias - torch.Size([256]): 
The value is the same before and after calling `init_weights` of CBAMEnsembleVLMFiLM  

lidar_middle_encoder.conv_input.0.weight - torch.Size([16, 3, 3, 3, 5]): 
The value is the same before and after calling `init_weights` of CBAMEnsembleVLMFiLM  

lidar_middle_encoder.conv_input.1.weight - torch.Size([16]): 
The value is the same before and after calling `init_weights` of CBAMEnsembleVLMFiLM  

lidar_middle_encoder.conv_input.1.bias - torch.Size([16]): 
The value is the same before and after calling `init_weights` of CBAMEnsembleVLMFiLM  

lidar_middle_encoder.encoder_layers.encoder_layer1.0.0.weight - torch.Size([16, 3, 3, 3, 16]): 
The value is the same before and after calling `init_weights` of CBAMEnsembleVLMFiLM  

lidar_middle_encoder.encoder_layers.encoder_layer1.0.1.weight - torch.Size([16]): 
The value is the same before and after calling `init_weights` of CBAMEnsembleVLMFiLM  

lidar_middle_encoder.encoder_layers.encoder_layer1.0.1.bias - torch.Size([16]): 
The value is the same before and after calling `init_weights` of CBAMEnsembleVLMFiLM  

lidar_middle_encoder.encoder_layers.encoder_layer2.0.0.weight - torch.Size([32, 3, 3, 3, 16]): 
The value is the same before and after calling `init_weights` of CBAMEnsembleVLMFiLM  

lidar_middle_encoder.encoder_layers.encoder_layer2.0.1.weight - torch.Size([32]): 
The value is the same before and after calling `init_weights` of CBAMEnsembleVLMFiLM  

lidar_middle_encoder.encoder_layers.encoder_layer2.0.1.bias - torch.Size([32]): 
The value is the same before and after calling `init_weights` of CBAMEnsembleVLMFiLM  

lidar_middle_encoder.encoder_layers.encoder_layer2.1.0.weight - torch.Size([32, 3, 3, 3, 32]): 
The value is the same before and after calling `init_weights` of CBAMEnsembleVLMFiLM  

lidar_middle_encoder.encoder_layers.encoder_layer2.1.1.weight - torch.Size([32]): 
The value is the same before and after calling `init_weights` of CBAMEnsembleVLMFiLM  

lidar_middle_encoder.encoder_layers.encoder_layer2.1.1.bias - torch.Size([32]): 
The value is the same before and after calling `init_weights` of CBAMEnsembleVLMFiLM  

lidar_middle_encoder.encoder_layers.encoder_layer2.2.0.weight - torch.Size([32, 3, 3, 3, 32]): 
The value is the same before and after calling `init_weights` of CBAMEnsembleVLMFiLM  

lidar_middle_encoder.encoder_layers.encoder_layer2.2.1.weight - torch.Size([32]): 
The value is the same before and after calling `init_weights` of CBAMEnsembleVLMFiLM  

lidar_middle_encoder.encoder_layers.encoder_layer2.2.1.bias - torch.Size([32]): 
The value is the same before and after calling `init_weights` of CBAMEnsembleVLMFiLM  

lidar_middle_encoder.encoder_layers.encoder_layer3.0.0.weight - torch.Size([64, 3, 3, 3, 32]): 
The value is the same before and after calling `init_weights` of CBAMEnsembleVLMFiLM  

lidar_middle_encoder.encoder_layers.encoder_layer3.0.1.weight - torch.Size([64]): 
The value is the same before and after calling `init_weights` of CBAMEnsembleVLMFiLM  

lidar_middle_encoder.encoder_layers.encoder_layer3.0.1.bias - torch.Size([64]): 
The value is the same before and after calling `init_weights` of CBAMEnsembleVLMFiLM  

lidar_middle_encoder.encoder_layers.encoder_layer3.1.0.weight - torch.Size([64, 3, 3, 3, 64]): 
The value is the same before and after calling `init_weights` of CBAMEnsembleVLMFiLM  

lidar_middle_encoder.encoder_layers.encoder_layer3.1.1.weight - torch.Size([64]): 
The value is the same before and after calling `init_weights` of CBAMEnsembleVLMFiLM  

lidar_middle_encoder.encoder_layers.encoder_layer3.1.1.bias - torch.Size([64]): 
The value is the same before and after calling `init_weights` of CBAMEnsembleVLMFiLM  

lidar_middle_encoder.encoder_layers.encoder_layer3.2.0.weight - torch.Size([64, 3, 3, 3, 64]): 
The value is the same before and after calling `init_weights` of CBAMEnsembleVLMFiLM  

lidar_middle_encoder.encoder_layers.encoder_layer3.2.1.weight - torch.Size([64]): 
The value is the same before and after calling `init_weights` of CBAMEnsembleVLMFiLM  

lidar_middle_encoder.encoder_layers.encoder_layer3.2.1.bias - torch.Size([64]): 
The value is the same before and after calling `init_weights` of CBAMEnsembleVLMFiLM  

lidar_middle_encoder.encoder_layers.encoder_layer4.0.0.weight - torch.Size([64, 3, 3, 3, 64]): 
The value is the same before and after calling `init_weights` of CBAMEnsembleVLMFiLM  

lidar_middle_encoder.encoder_layers.encoder_layer4.0.1.weight - torch.Size([64]): 
The value is the same before and after calling `init_weights` of CBAMEnsembleVLMFiLM  

lidar_middle_encoder.encoder_layers.encoder_layer4.0.1.bias - torch.Size([64]): 
The value is the same before and after calling `init_weights` of CBAMEnsembleVLMFiLM  

lidar_middle_encoder.encoder_layers.encoder_layer4.1.0.weight - torch.Size([64, 3, 3, 3, 64]): 
The value is the same before and after calling `init_weights` of CBAMEnsembleVLMFiLM  

lidar_middle_encoder.encoder_layers.encoder_layer4.1.1.weight - torch.Size([64]): 
The value is the same before and after calling `init_weights` of CBAMEnsembleVLMFiLM  

lidar_middle_encoder.encoder_layers.encoder_layer4.1.1.bias - torch.Size([64]): 
The value is the same before and after calling `init_weights` of CBAMEnsembleVLMFiLM  

lidar_middle_encoder.encoder_layers.encoder_layer4.2.0.weight - torch.Size([64, 3, 3, 3, 64]): 
The value is the same before and after calling `init_weights` of CBAMEnsembleVLMFiLM  

lidar_middle_encoder.encoder_layers.encoder_layer4.2.1.weight - torch.Size([64]): 
The value is the same before and after calling `init_weights` of CBAMEnsembleVLMFiLM  

lidar_middle_encoder.encoder_layers.encoder_layer4.2.1.bias - torch.Size([64]): 
The value is the same before and after calling `init_weights` of CBAMEnsembleVLMFiLM  

lidar_middle_encoder.conv_out.0.weight - torch.Size([128, 3, 1, 1, 64]): 
The value is the same before and after calling `init_weights` of CBAMEnsembleVLMFiLM  

lidar_middle_encoder.conv_out.1.weight - torch.Size([128]): 
The value is the same before and after calling `init_weights` of CBAMEnsembleVLMFiLM  

lidar_middle_encoder.conv_out.1.bias - torch.Size([128]): 
The value is the same before and after calling `init_weights` of CBAMEnsembleVLMFiLM  

neck.deblocks.0.0.weight - torch.Size([128, 256, 1, 1]): 
KaimingInit: a=0, mode=fan_out, nonlinearity=relu, distribution =normal, bias=0 

neck.deblocks.0.1.weight - torch.Size([256]): 
The value is the same before and after calling `init_weights` of CBAMEnsembleVLMFiLM  

neck.deblocks.0.1.bias - torch.Size([256]): 
The value is the same before and after calling `init_weights` of CBAMEnsembleVLMFiLM  

neck.deblocks.1.0.weight - torch.Size([256, 256, 2, 2]): 
KaimingInit: a=0, mode=fan_out, nonlinearity=relu, distribution =normal, bias=0 

neck.deblocks.1.1.weight - torch.Size([256]): 
The value is the same before and after calling `init_weights` of CBAMEnsembleVLMFiLM  

neck.deblocks.1.1.bias - torch.Size([256]): 
The value is the same before and after calling `init_weights` of CBAMEnsembleVLMFiLM  

bbox_head.conv_cls.weight - torch.Size([18, 512, 1, 1]): 
NormalInit: mean=0, std=0.01, bias=-4.59511985013459 

bbox_head.conv_cls.bias - torch.Size([18]): 
NormalInit: mean=0, std=0.01, bias=-4.59511985013459 

bbox_head.conv_reg.weight - torch.Size([42, 512, 1, 1]): 
NormalInit: mean=0, std=0.01, bias=0 

bbox_head.conv_reg.bias - torch.Size([42]): 
NormalInit: mean=0, std=0.01, bias=0 

bbox_head.conv_dir_cls.weight - torch.Size([12, 512, 1, 1]): 
NormalInit: mean=0, std=0.01, bias=0 

bbox_head.conv_dir_cls.bias - torch.Size([12]): 
NormalInit: mean=0, std=0.01, bias=0 

rgb_transform_layer.0.weight - torch.Size([256, 256, 6, 16]): 
The value is the same before and after calling `init_weights` of CBAMEnsembleVLMFiLM  

rgb_transform_layer.1.weight - torch.Size([256]): 
The value is the same before and after calling `init_weights` of CBAMEnsembleVLMFiLM  

rgb_transform_layer.1.bias - torch.Size([256]): 
The value is the same before and after calling `init_weights` of CBAMEnsembleVLMFiLM  

rgb_transform_layer.3.weight - torch.Size([256, 256, 1, 1]): 
The value is the same before and after calling `init_weights` of CBAMEnsembleVLMFiLM  

rgb_transform_layer.3.bias - torch.Size([256]): 
The value is the same before and after calling `init_weights` of CBAMEnsembleVLMFiLM  

rgb_transform_layer.4.weight - torch.Size([256]): 
The value is the same before and after calling `init_weights` of CBAMEnsembleVLMFiLM  

rgb_transform_layer.4.bias - torch.Size([256]): 
The value is the same before and after calling `init_weights` of CBAMEnsembleVLMFiLM  

rgb_transform_layer.6.weight - torch.Size([256, 256, 1, 1]): 
The value is the same before and after calling `init_weights` of CBAMEnsembleVLMFiLM  

rgb_transform_layer.6.bias - torch.Size([256]): 
The value is the same before and after calling `init_weights` of CBAMEnsembleVLMFiLM  

rgb_transform_layer.7.weight - torch.Size([256]): 
The value is the same before and after calling `init_weights` of CBAMEnsembleVLMFiLM  

rgb_transform_layer.7.bias - torch.Size([256]): 
The value is the same before and after calling `init_weights` of CBAMEnsembleVLMFiLM  

concat_head.cbam.sam.conv.weight - torch.Size([1, 2, 7, 7]): 
The value is the same before and after calling `init_weights` of CBAMEnsembleVLMFiLM  

concat_head.cbam.cam.linear.0.weight - torch.Size([320, 640]): 
The value is the same before and after calling `init_weights` of CBAMEnsembleVLMFiLM  

concat_head.cbam.cam.linear.0.bias - torch.Size([320]): 
The value is the same before and after calling `init_weights` of CBAMEnsembleVLMFiLM  

concat_head.cbam.cam.linear.2.weight - torch.Size([640, 320]): 
The value is the same before and after calling `init_weights` of CBAMEnsembleVLMFiLM  

concat_head.cbam.cam.linear.2.bias - torch.Size([640]): 
The value is the same before and after calling `init_weights` of CBAMEnsembleVLMFiLM  

concat_head.norm.weight - torch.Size([640]): 
The value is the same before and after calling `init_weights` of CBAMEnsembleVLMFiLM  

concat_head.norm.bias - torch.Size([640]): 
The value is the same before and after calling `init_weights` of CBAMEnsembleVLMFiLM  

concat_head.conv1.weight - torch.Size([384, 640, 1, 1]): 
The value is the same before and after calling `init_weights` of CBAMEnsembleVLMFiLM  

concat_head.conv1.bias - torch.Size([384]): 
The value is the same before and after calling `init_weights` of CBAMEnsembleVLMFiLM  

concat_head.norm1.weight - torch.Size([384]): 
The value is the same before and after calling `init_weights` of CBAMEnsembleVLMFiLM  

concat_head.norm1.bias - torch.Size([384]): 
The value is the same before and after calling `init_weights` of CBAMEnsembleVLMFiLM  

concat_head.conv2.weight - torch.Size([384, 384, 1, 1]): 
The value is the same before and after calling `init_weights` of CBAMEnsembleVLMFiLM  

concat_head.conv2.bias - torch.Size([384]): 
The value is the same before and after calling `init_weights` of CBAMEnsembleVLMFiLM  

concat_head.norm2.weight - torch.Size([384]): 
The value is the same before and after calling `init_weights` of CBAMEnsembleVLMFiLM  

concat_head.norm2.bias - torch.Size([384]): 
The value is the same before and after calling `init_weights` of CBAMEnsembleVLMFiLM  

concat_head.conv3.weight - torch.Size([384, 384, 1, 1]): 
The value is the same before and after calling `init_weights` of CBAMEnsembleVLMFiLM  

concat_head.conv3.bias - torch.Size([384]): 
The value is the same before and after calling `init_weights` of CBAMEnsembleVLMFiLM  

concat_head.norm3.weight - torch.Size([384]): 
The value is the same before and after calling `init_weights` of CBAMEnsembleVLMFiLM  

concat_head.norm3.bias - torch.Size([384]): 
The value is the same before and after calling `init_weights` of CBAMEnsembleVLMFiLM  

concat_head.film_modulation.linear.weight - torch.Size([1280, 10]): 
The value is the same before and after calling `init_weights` of CBAMEnsembleVLMFiLM  

concat_head.film_modulation.linear.bias - torch.Size([1280]): 
The value is the same before and after calling `init_weights` of CBAMEnsembleVLMFiLM  
2026/03/12 09:34:57 - mmengine - INFO - Auto resumed from the latest checkpoint None.
2026/03/12 09:34:57 - mmengine - WARNING - "FileClient" will be deprecated in future. Please use io functions in https://mmengine.readthedocs.io/en/latest/api/fileio.html#file-io
2026/03/12 09:34:57 - mmengine - WARNING - "HardDiskBackend" is the alias of "LocalBackend" and the former will be deprecated in future.
2026/03/12 09:34:57 - mmengine - INFO - Checkpoints will be saved to /home/asurite.ad.asu.edu/ataparia/VLCFusion/Waymo Experiment/YOUR_PATH/cbam_ensemble_vlm_film_30_conditions.
2026/03/12 09:35:02 - mmengine - INFO - Epoch(train)  [1][  10/7312]  lr: 1.0000e-03  eta: 2 days, 2:35:50  time: 0.4982  data_time: 0.0356  memory: 5069  loss: 2.1372  loss_cls: 1.0878  loss_bbox: 0.9110  loss_dir: 0.1384
2026/03/12 09:35:06 - mmengine - INFO - Epoch(train)  [1][  20/7312]  lr: 1.0000e-03  eta: 1 day, 20:23:20  time: 0.3760  data_time: 0.0090  memory: 4981  loss: 2.0655  loss_cls: 0.9741  loss_bbox: 0.9526  loss_dir: 0.1388
2026/03/12 09:35:09 - mmengine - INFO - Epoch(train)  [1][  30/7312]  lr: 1.0000e-03  eta: 1 day, 18:33:24  time: 0.3830  data_time: 0.0092  memory: 4981  loss: 1.8916  loss_cls: 0.8168  loss_bbox: 0.9358  loss_dir: 0.1389
2026/03/12 09:35:13 - mmengine - INFO - Epoch(train)  [1][  40/7312]  lr: 1.0000e-03  eta: 1 day, 17:24:26  time: 0.3738  data_time: 0.0089  memory: 5058  loss: 1.6542  loss_cls: 0.6563  loss_bbox: 0.8581  loss_dir: 0.1398
2026/03/12 09:35:17 - mmengine - INFO - Epoch(train)  [1][  50/7312]  lr: 1.0000e-03  eta: 1 day, 16:43:45  time: 0.3745  data_time: 0.0091  memory: 4981  loss: 1.5231  loss_cls: 0.5768  loss_bbox: 0.8083  loss_dir: 0.1379
2026/03/12 09:35:21 - mmengine - INFO - Epoch(train)  [1][  60/7312]  lr: 1.0000e-03  eta: 1 day, 16:29:08  time: 0.3868  data_time: 0.0094  memory: 5170  loss: 1.4397  loss_cls: 0.4902  loss_bbox: 0.8111  loss_dir: 0.1384
2026/03/12 09:35:25 - mmengine - INFO - Epoch(train)  [1][  70/7312]  lr: 1.0000e-03  eta: 1 day, 16:14:48  time: 0.3823  data_time: 0.0095  memory: 5052  loss: 1.3600  loss_cls: 0.4742  loss_bbox: 0.7491  loss_dir: 0.1368
2026/03/12 09:35:28 - mmengine - INFO - Epoch(train)  [1][  80/7312]  lr: 1.0000e-03  eta: 1 day, 16:03:33  time: 0.3817  data_time: 0.0094  memory: 5022  loss: 1.3277  loss_cls: 0.4537  loss_bbox: 0.7358  loss_dir: 0.1382
2026/03/12 09:35:32 - mmengine - INFO - Epoch(train)  [1][  90/7312]  lr: 1.0000e-03  eta: 1 day, 15:48:42  time: 0.3727  data_time: 0.0093  memory: 4980  loss: 1.3233  loss_cls: 0.4493  loss_bbox: 0.7371  loss_dir: 0.1368
2026/03/12 09:35:36 - mmengine - INFO - Epoch(train)  [1][ 100/7312]  lr: 1.0000e-03  eta: 1 day, 15:41:19  time: 0.3801  data_time: 0.0094  memory: 4981  loss: 1.2908  loss_cls: 0.4333  loss_bbox: 0.7202  loss_dir: 0.1373
2026/03/12 09:35:40 - mmengine - INFO - Epoch(train)  [1][ 110/7312]  lr: 1.0000e-03  eta: 1 day, 15:38:17  time: 0.3855  data_time: 0.0093  memory: 5103  loss: 1.2257  loss_cls: 0.3890  loss_bbox: 0.6981  loss_dir: 0.1386
2026/03/12 09:35:44 - mmengine - INFO - Epoch(train)  [1][ 120/7312]  lr: 1.0000e-03  eta: 1 day, 15:32:21  time: 0.3789  data_time: 0.0093  memory: 5052  loss: 1.1931  loss_cls: 0.3898  loss_bbox: 0.6660  loss_dir: 0.1373
2026/03/12 09:35:47 - mmengine - INFO - Epoch(train)  [1][ 130/7312]  lr: 1.0000e-03  eta: 1 day, 15:29:21  time: 0.3832  data_time: 0.0094  memory: 5041  loss: 1.1409  loss_cls: 0.3804  loss_bbox: 0.6251  loss_dir: 0.1353
2026/03/12 09:35:51 - mmengine - INFO - Epoch(train)  [1][ 140/7312]  lr: 1.0000e-03  eta: 1 day, 15:25:09  time: 0.3795  data_time: 0.0091  memory: 5046  loss: 1.1765  loss_cls: 0.3713  loss_bbox: 0.6686  loss_dir: 0.1365
2026/03/12 09:35:55 - mmengine - INFO - Epoch(train)  [1][ 150/7312]  lr: 1.0000e-03  eta: 1 day, 15:21:22  time: 0.3791  data_time: 0.0089  memory: 4991  loss: 1.1447  loss_cls: 0.3529  loss_bbox: 0.6579  loss_dir: 0.1339
2026/03/12 09:35:59 - mmengine - INFO - Epoch(train)  [1][ 160/7312]  lr: 1.0000e-03  eta: 1 day, 15:18:44  time: 0.3809  data_time: 0.0090  memory: 5044  loss: 1.2208  loss_cls: 0.3712  loss_bbox: 0.7118  loss_dir: 0.1378
2026/03/12 09:36:03 - mmengine - INFO - Epoch(train)  [1][ 170/7312]  lr: 1.0000e-03  eta: 1 day, 15:15:47  time: 0.3792  data_time: 0.0093  memory: 5084  loss: 1.1763  loss_cls: 0.3590  loss_bbox: 0.6825  loss_dir: 0.1347
2026/03/12 09:36:06 - mmengine - INFO - Epoch(train)  [1][ 180/7312]  lr: 1.0000e-03  eta: 1 day, 15:08:21  time: 0.3650  data_time: 0.0087  memory: 4980  loss: 1.1632  loss_cls: 0.3683  loss_bbox: 0.6599  loss_dir: 0.1350
2026/03/12 09:36:10 - mmengine - INFO - Epoch(train)  [1][ 190/7312]  lr: 1.0000e-03  eta: 1 day, 15:06:19  time: 0.3794  data_time: 0.0090  memory: 4980  loss: 1.0777  loss_cls: 0.3442  loss_bbox: 0.5995  loss_dir: 0.1340
2026/03/12 09:36:14 - mmengine - INFO - Epoch(train)  [1][ 200/7312]  lr: 1.0000e-03  eta: 1 day, 15:05:42  time: 0.3835  data_time: 0.0094  memory: 4981  loss: 1.1147  loss_cls: 0.3407  loss_bbox: 0.6386  loss_dir: 0.1354
2026/03/12 09:36:18 - mmengine - INFO - Epoch(train)  [1][ 210/7312]  lr: 1.0000e-03  eta: 1 day, 15:02:43  time: 0.3751  data_time: 0.0095  memory: 5011  loss: 1.1129  loss_cls: 0.3606  loss_bbox: 0.6185  loss_dir: 0.1338
2026/03/12 09:36:21 - mmengine - INFO - Epoch(train)  [1][ 220/7312]  lr: 1.0000e-03  eta: 1 day, 15:00:36  time: 0.3773  data_time: 0.0090  memory: 5049  loss: 1.1135  loss_cls: 0.3432  loss_bbox: 0.6353  loss_dir: 0.1350
2026/03/12 09:36:25 - mmengine - INFO - Epoch(train)  [1][ 230/7312]  lr: 1.0000e-03  eta: 1 day, 14:58:27  time: 0.3765  data_time: 0.0089  memory: 4980  loss: 1.0609  loss_cls: 0.3252  loss_bbox: 0.6004  loss_dir: 0.1354
2026/03/12 09:36:29 - mmengine - INFO - Epoch(train)  [1][ 240/7312]  lr: 1.0000e-03  eta: 1 day, 14:56:49  time: 0.3779  data_time: 0.0089  memory: 5040  loss: 1.1036  loss_cls: 0.3481  loss_bbox: 0.6195  loss_dir: 0.1360
2026/03/12 09:36:33 - mmengine - INFO - Epoch(train)  [1][ 250/7312]  lr: 1.0000e-03  eta: 1 day, 14:56:00  time: 0.3807  data_time: 0.0090  memory: 4980  loss: 1.0441  loss_cls: 0.3380  loss_bbox: 0.5696  loss_dir: 0.1365
2026/03/12 09:36:37 - mmengine - INFO - Epoch(train)  [1][ 260/7312]  lr: 1.0000e-03  eta: 1 day, 14:55:07  time: 0.3802  data_time: 0.0090  memory: 4993  loss: 1.0692  loss_cls: 0.3237  loss_bbox: 0.6123  loss_dir: 0.1332
2026/03/12 09:36:40 - mmengine - INFO - Epoch(train)  [1][ 270/7312]  lr: 1.0000e-03  eta: 1 day, 14:53:17  time: 0.3756  data_time: 0.0089  memory: 4980  loss: 1.0295  loss_cls: 0.3142  loss_bbox: 0.5824  loss_dir: 0.1329
2026/03/12 09:36:44 - mmengine - INFO - Epoch(train)  [1][ 280/7312]  lr: 1.0000e-03  eta: 1 day, 14:51:54  time: 0.3772  data_time: 0.0090  memory: 5025  loss: 1.0724  loss_cls: 0.3252  loss_bbox: 0.6148  loss_dir: 0.1325
2026/03/12 09:36:48 - mmengine - INFO - Epoch(train)  [1][ 290/7312]  lr: 1.0000e-03  eta: 1 day, 14:51:27  time: 0.3812  data_time: 0.0090  memory: 5151  loss: 1.0145  loss_cls: 0.3163  loss_bbox: 0.5667  loss_dir: 0.1314
2026/03/12 09:36:52 - mmengine - INFO - Epoch(train)  [1][ 300/7312]  lr: 1.0000e-03  eta: 1 day, 14:49:17  time: 0.3725  data_time: 0.0090  memory: 4993  loss: 1.0523  loss_cls: 0.3235  loss_bbox: 0.6009  loss_dir: 0.1280
2026/03/12 09:36:55 - mmengine - INFO - Epoch(train)  [1][ 310/7312]  lr: 1.0000e-03  eta: 1 day, 14:46:55  time: 0.3709  data_time: 0.0090  memory: 5000  loss: 1.0349  loss_cls: 0.3309  loss_bbox: 0.5735  loss_dir: 0.1305
2026/03/12 09:36:59 - mmengine - INFO - Epoch(train)  [1][ 320/7312]  lr: 1.0000e-03  eta: 1 day, 14:44:59  time: 0.3723  data_time: 0.0089  memory: 4992  loss: 0.9692  loss_cls: 0.3005  loss_bbox: 0.5399  loss_dir: 0.1288
2026/03/12 09:37:03 - mmengine - INFO - Epoch(train)  [1][ 330/7312]  lr: 1.0000e-03  eta: 1 day, 14:44:38  time: 0.3804  data_time: 0.0089  memory: 4981  loss: 1.0300  loss_cls: 0.3124  loss_bbox: 0.5875  loss_dir: 0.1301
2026/03/12 09:37:07 - mmengine - INFO - Epoch(train)  [1][ 340/7312]  lr: 1.0000e-03  eta: 1 day, 14:45:24  time: 0.3865  data_time: 0.0090  memory: 4984  loss: 1.0252  loss_cls: 0.3127  loss_bbox: 0.5836  loss_dir: 0.1289
2026/03/12 09:37:11 - mmengine - INFO - Epoch(train)  [1][ 350/7312]  lr: 1.0000e-03  eta: 1 day, 14:44:52  time: 0.3793  data_time: 0.0089  memory: 5175  loss: 0.9549  loss_cls: 0.2949  loss_bbox: 0.5314  loss_dir: 0.1287
2026/03/12 09:37:14 - mmengine - INFO - Epoch(train)  [1][ 360/7312]  lr: 1.0000e-03  eta: 1 day, 14:43:54  time: 0.3766  data_time: 0.0090  memory: 4983  loss: 0.9698  loss_cls: 0.3037  loss_bbox: 0.5401  loss_dir: 0.1260
2026/03/12 09:37:18 - mmengine - INFO - Epoch(train)  [1][ 370/7312]  lr: 1.0000e-03  eta: 1 day, 14:43:56  time: 0.3824  data_time: 0.0091  memory: 4981  loss: 0.9985  loss_cls: 0.3144  loss_bbox: 0.5585  loss_dir: 0.1257
2026/03/12 09:37:22 - mmengine - INFO - Epoch(train)  [1][ 380/7312]  lr: 1.0000e-03  eta: 1 day, 14:43:19  time: 0.3783  data_time: 0.0091  memory: 4981  loss: 0.9884  loss_cls: 0.3088  loss_bbox: 0.5560  loss_dir: 0.1235
2026/03/12 09:37:26 - mmengine - INFO - Epoch(train)  [1][ 390/7312]  lr: 1.0000e-03  eta: 1 day, 14:42:54  time: 0.3794  data_time: 0.0091  memory: 5013  loss: 0.9839  loss_cls: 0.3202  loss_bbox: 0.5411  loss_dir: 0.1226
2026/03/12 09:37:30 - mmengine - INFO - Epoch(train)  [1][ 400/7312]  lr: 1.0000e-03  eta: 1 day, 14:42:57  time: 0.3824  data_time: 0.0090  memory: 5074  loss: 0.9771  loss_cls: 0.3143  loss_bbox: 0.5401  loss_dir: 0.1227
2026/03/12 09:37:33 - mmengine - INFO - Epoch(train)  [1][ 410/7312]  lr: 1.0000e-03  eta: 1 day, 14:42:05  time: 0.3762  data_time: 0.0090  memory: 4981  loss: 1.0089  loss_cls: 0.3090  loss_bbox: 0.5772  loss_dir: 0.1226
2026/03/12 09:37:37 - mmengine - INFO - Epoch(train)  [1][ 420/7312]  lr: 1.0000e-03  eta: 1 day, 14:41:41  time: 0.3792  data_time: 0.0090  memory: 4981  loss: 1.0124  loss_cls: 0.3056  loss_bbox: 0.5843  loss_dir: 0.1225
2026/03/12 09:37:41 - mmengine - INFO - Epoch(train)  [1][ 430/7312]  lr: 1.0000e-03  eta: 1 day, 14:40:57  time: 0.3767  data_time: 0.0090  memory: 4980  loss: 0.9852  loss_cls: 0.3025  loss_bbox: 0.5631  loss_dir: 0.1196
2026/03/12 09:37:45 - mmengine - INFO - Epoch(train)  [1][ 440/7312]  lr: 1.0000e-03  eta: 1 day, 14:40:25  time: 0.3779  data_time: 0.0089  memory: 4985  loss: 0.9720  loss_cls: 0.2921  loss_bbox: 0.5601  loss_dir: 0.1198
2026/03/12 09:37:48 - mmengine - INFO - Epoch(train)  [1][ 450/7312]  lr: 1.0000e-03  eta: 1 day, 14:38:44  time: 0.3693  data_time: 0.0089  memory: 4981  loss: 0.9680  loss_cls: 0.3028  loss_bbox: 0.5459  loss_dir: 0.1193
2026/03/12 09:37:52 - mmengine - INFO - Epoch(train)  [1][ 460/7312]  lr: 1.0000e-03  eta: 1 day, 14:38:39  time: 0.3808  data_time: 0.0088  memory: 4981  loss: 1.0801  loss_cls: 0.3262  loss_bbox: 0.6337  loss_dir: 0.1202
2026/03/12 09:37:56 - mmengine - INFO - Epoch(train)  [1][ 470/7312]  lr: 1.0000e-03  eta: 1 day, 14:37:34  time: 0.3732  data_time: 0.0089  memory: 4980  loss: 1.0153  loss_cls: 0.3075  loss_bbox: 0.5860  loss_dir: 0.1218
2026/03/12 09:38:00 - mmengine - INFO - Epoch(train)  [1][ 480/7312]  lr: 1.0000e-03  eta: 1 day, 14:37:49  time: 0.3833  data_time: 0.0089  memory: 5060  loss: 1.0007  loss_cls: 0.3067  loss_bbox: 0.5808  loss_dir: 0.1131
2026/03/12 09:38:04 - mmengine - INFO - Epoch(train)  [1][ 490/7312]  lr: 1.0000e-03  eta: 1 day, 14:37:32  time: 0.3791  data_time: 0.0089  memory: 5002  loss: 0.9291  loss_cls: 0.2822  loss_bbox: 0.5364  loss_dir: 0.1105
2026/03/12 09:38:07 - mmengine - INFO - Epoch(train)  [1][ 500/7312]  lr: 1.0000e-03  eta: 1 day, 14:37:35  time: 0.3818  data_time: 0.0088  memory: 5104  loss: 0.9684  loss_cls: 0.3012  loss_bbox: 0.5508  loss_dir: 0.1163
2026/03/12 09:38:11 - mmengine - INFO - Epoch(train)  [1][ 510/7312]  lr: 1.0000e-03  eta: 1 day, 14:37:11  time: 0.3781  data_time: 0.0089  memory: 5023  loss: 0.9722  loss_cls: 0.3032  loss_bbox: 0.5533  loss_dir: 0.1157
2026/03/12 09:38:15 - mmengine - INFO - Epoch(train)  [1][ 520/7312]  lr: 1.0000e-03  eta: 1 day, 14:36:43  time: 0.3774  data_time: 0.0089  memory: 5058  loss: 0.9404  loss_cls: 0.2850  loss_bbox: 0.5451  loss_dir: 0.1103
2026/03/12 09:38:19 - mmengine - INFO - Epoch(train)  [1][ 530/7312]  lr: 1.0000e-03  eta: 1 day, 14:36:30  time: 0.3794  data_time: 0.0089  memory: 5032  loss: 0.9710  loss_cls: 0.2916  loss_bbox: 0.5649  loss_dir: 0.1144
2026/03/12 09:38:22 - mmengine - INFO - Epoch(train)  [1][ 540/7312]  lr: 1.0000e-03  eta: 1 day, 14:35:44  time: 0.3745  data_time: 0.0089  memory: 5073  loss: 0.9499  loss_cls: 0.2864  loss_bbox: 0.5505  loss_dir: 0.1130
2026/03/12 09:38:26 - mmengine - INFO - Epoch(train)  [1][ 550/7312]  lr: 1.0000e-03  eta: 1 day, 14:34:53  time: 0.3735  data_time: 0.0089  memory: 4980  loss: 0.9150  loss_cls: 0.2759  loss_bbox: 0.5233  loss_dir: 0.1158
2026/03/12 09:38:30 - mmengine - INFO - Epoch(train)  [1][ 560/7312]  lr: 1.0000e-03  eta: 1 day, 14:34:22  time: 0.3762  data_time: 0.0087  memory: 5065  loss: 0.9365  loss_cls: 0.3062  loss_bbox: 0.5209  loss_dir: 0.1095
2026/03/12 09:38:34 - mmengine - INFO - Epoch(train)  [1][ 570/7312]  lr: 1.0000e-03  eta: 1 day, 14:34:13  time: 0.3796  data_time: 0.0089  memory: 5001  loss: 0.9359  loss_cls: 0.2845  loss_bbox: 0.5435  loss_dir: 0.1078
2026/03/12 09:38:38 - mmengine - INFO - Epoch(train)  [1][ 580/7312]  lr: 1.0000e-03  eta: 1 day, 14:34:12  time: 0.3810  data_time: 0.0088  memory: 5191  loss: 0.9261  loss_cls: 0.2835  loss_bbox: 0.5340  loss_dir: 0.1087
2026/03/12 09:38:41 - mmengine - INFO - Epoch(train)  [1][ 590/7312]  lr: 1.0000e-03  eta: 1 day, 14:33:26  time: 0.3736  data_time: 0.0086  memory: 4984  loss: 0.9239  loss_cls: 0.2907  loss_bbox: 0.5274  loss_dir: 0.1058
2026/03/12 09:38:45 - mmengine - INFO - Epoch(train)  [1][ 600/7312]  lr: 1.0000e-03  eta: 1 day, 14:33:28  time: 0.3811  data_time: 0.0088  memory: 5051  loss: 0.9820  loss_cls: 0.2886  loss_bbox: 0.5827  loss_dir: 0.1107
2026/03/12 09:38:49 - mmengine - INFO - Epoch(train)  [1][ 610/7312]  lr: 1.0000e-03  eta: 1 day, 14:32:51  time: 0.3748  data_time: 0.0088  memory: 4993  loss: 0.8886  loss_cls: 0.2831  loss_bbox: 0.5011  loss_dir: 0.1044
2026/03/12 09:38:53 - mmengine - INFO - Epoch(train)  [1][ 620/7312]  lr: 1.0000e-03  eta: 1 day, 14:32:39  time: 0.3788  data_time: 0.0086  memory: 5104  loss: 0.9120  loss_cls: 0.2850  loss_bbox: 0.5189  loss_dir: 0.1081
2026/03/12 09:38:56 - mmengine - INFO - Epoch(train)  [1][ 630/7312]  lr: 1.0000e-03  eta: 1 day, 14:32:11  time: 0.3760  data_time: 0.0086  memory: 4980  loss: 0.9300  loss_cls: 0.2778  loss_bbox: 0.5468  loss_dir: 0.1054
2026/03/12 09:39:00 - mmengine - INFO - Epoch(train)  [1][ 640/7312]  lr: 1.0000e-03  eta: 1 day, 14:32:03  time: 0.3794  data_time: 0.0087  memory: 4986  loss: 0.9597  loss_cls: 0.3048  loss_bbox: 0.5480  loss_dir: 0.1070
2026/03/12 09:39:04 - mmengine - INFO - Epoch(train)  [1][ 650/7312]  lr: 1.0000e-03  eta: 1 day, 14:32:13  time: 0.3825  data_time: 0.0083  memory: 5003  loss: 0.9954  loss_cls: 0.3049  loss_bbox: 0.5843  loss_dir: 0.1061
2026/03/12 09:39:08 - mmengine - INFO - Epoch(train)  [1][ 660/7312]  lr: 1.0000e-03  eta: 1 day, 14:31:43  time: 0.3754  data_time: 0.0087  memory: 4981  loss: 0.9733  loss_cls: 0.2928  loss_bbox: 0.5790  loss_dir: 0.1014
2026/03/12 09:39:12 - mmengine - INFO - Epoch(train)  [1][ 670/7312]  lr: 1.0000e-03  eta: 1 day, 14:31:22  time: 0.3768  data_time: 0.0089  memory: 4996  loss: 0.9106  loss_cls: 0.2774  loss_bbox: 0.5250  loss_dir: 0.1082
2026/03/12 09:39:15 - mmengine - INFO - Epoch(train)  [1][ 680/7312]  lr: 1.0000e-03  eta: 1 day, 14:31:07  time: 0.3781  data_time: 0.0088  memory: 5011  loss: 0.9694  loss_cls: 0.2942  loss_bbox: 0.5726  loss_dir: 0.1027
2026/03/12 09:39:19 - mmengine - INFO - Epoch(train)  [1][ 690/7312]  lr: 1.0000e-03  eta: 1 day, 14:30:58  time: 0.3789  data_time: 0.0090  memory: 5104  loss: 0.8410  loss_cls: 0.2657  loss_bbox: 0.4792  loss_dir: 0.0961
2026/03/12 09:39:23 - mmengine - INFO - Epoch(train)  [1][ 700/7312]  lr: 1.0000e-03  eta: 1 day, 14:30:25  time: 0.3745  data_time: 0.0088  memory: 4981  loss: 0.8814  loss_cls: 0.2780  loss_bbox: 0.5027  loss_dir: 0.1007
2026/03/12 09:39:27 - mmengine - INFO - Epoch(train)  [1][ 710/7312]  lr: 1.0000e-03  eta: 1 day, 14:30:10  time: 0.3776  data_time: 0.0088  memory: 4981  loss: 0.8841  loss_cls: 0.2833  loss_bbox: 0.5017  loss_dir: 0.0990
2026/03/12 09:39:30 - mmengine - INFO - Epoch(train)  [1][ 720/7312]  lr: 1.0000e-03  eta: 1 day, 14:29:23  time: 0.3715  data_time: 0.0087  memory: 5001  loss: 0.9582  loss_cls: 0.2998  loss_bbox: 0.5529  loss_dir: 0.1055
2026/03/12 09:39:34 - mmengine - INFO - Epoch(train)  [1][ 730/7312]  lr: 1.0000e-03  eta: 1 day, 14:28:52  time: 0.3743  data_time: 0.0089  memory: 5060  loss: 0.8407  loss_cls: 0.2723  loss_bbox: 0.4666  loss_dir: 0.1017
2026/03/12 09:39:38 - mmengine - INFO - Epoch(train)  [1][ 740/7312]  lr: 1.0000e-03  eta: 1 day, 14:28:30  time: 0.3760  data_time: 0.0087  memory: 4981  loss: 0.9470  loss_cls: 0.2994  loss_bbox: 0.5467  loss_dir: 0.1009
2026/03/12 09:39:42 - mmengine - INFO - Epoch(train)  [1][ 750/7312]  lr: 1.0000e-03  eta: 1 day, 14:28:06  time: 0.3754  data_time: 0.0088  memory: 5025  loss: 0.9087  loss_cls: 0.2909  loss_bbox: 0.5214  loss_dir: 0.0963
2026/03/12 09:39:45 - mmengine - INFO - Epoch(train)  [1][ 760/7312]  lr: 1.0000e-03  eta: 1 day, 14:28:04  time: 0.3799  data_time: 0.0088  memory: 5091  loss: 1.0144  loss_cls: 0.3196  loss_bbox: 0.5883  loss_dir: 0.1066
2026/03/12 09:39:49 - mmengine - INFO - Epoch(train)  [1][ 770/7312]  lr: 1.0000e-03  eta: 1 day, 14:28:04  time: 0.3804  data_time: 0.0085  memory: 4981  loss: 0.9080  loss_cls: 0.2887  loss_bbox: 0.5166  loss_dir: 0.1026
2026/03/12 09:39:53 - mmengine - INFO - Epoch(train)  [1][ 780/7312]  lr: 1.0000e-03  eta: 1 day, 14:27:31  time: 0.3733  data_time: 0.0084  memory: 5061  loss: 0.8770  loss_cls: 0.2692  loss_bbox: 0.5131  loss_dir: 0.0947
2026/03/12 09:39:57 - mmengine - INFO - Epoch(train)  [1][ 790/7312]  lr: 1.0000e-03  eta: 1 day, 14:27:47  time: 0.3837  data_time: 0.0086  memory: 4981  loss: 0.8623  loss_cls: 0.2725  loss_bbox: 0.4937  loss_dir: 0.0962
2026/03/12 09:40:01 - mmengine - INFO - Epoch(train)  [1][ 800/7312]  lr: 1.0000e-03  eta: 1 day, 14:27:31  time: 0.3769  data_time: 0.0089  memory: 5037  loss: 0.9591  loss_cls: 0.2929  loss_bbox: 0.5700  loss_dir: 0.0963
2026/03/12 09:40:04 - mmengine - INFO - Epoch(train)  [1][ 810/7312]  lr: 1.0000e-03  eta: 1 day, 14:26:49  time: 0.3712  data_time: 0.0087  memory: 4980  loss: 0.8545  loss_cls: 0.2694  loss_bbox: 0.4905  loss_dir: 0.0946
2026/03/12 09:40:08 - mmengine - INFO - Epoch(train)  [1][ 820/7312]  lr: 1.0000e-03  eta: 1 day, 14:25:50  time: 0.3670  data_time: 0.0087  memory: 4980  loss: 0.9000  loss_cls: 0.2753  loss_bbox: 0.5294  loss_dir: 0.0954
2026/03/12 09:40:12 - mmengine - INFO - Epoch(train)  [1][ 830/7312]  lr: 1.0000e-03  eta: 1 day, 14:25:10  time: 0.3710  data_time: 0.0083  memory: 5103  loss: 0.8765  loss_cls: 0.2656  loss_bbox: 0.5149  loss_dir: 0.0960
2026/03/12 09:40:15 - mmengine - INFO - Epoch(train)  [1][ 840/7312]  lr: 1.0000e-03  eta: 1 day, 14:25:22  time: 0.3828  data_time: 0.0087  memory: 4991  loss: 0.9000  loss_cls: 0.2776  loss_bbox: 0.5247  loss_dir: 0.0977
2026/03/12 09:40:19 - mmengine - INFO - Epoch(train)  [1][ 850/7312]  lr: 1.0000e-03  eta: 1 day, 14:25:19  time: 0.3794  data_time: 0.0088  memory: 5000  loss: 0.8911  loss_cls: 0.2864  loss_bbox: 0.5103  loss_dir: 0.0944
2026/03/12 09:40:23 - mmengine - INFO - Epoch(train)  [1][ 860/7312]  lr: 1.0000e-03  eta: 1 day, 14:25:29  time: 0.3823  data_time: 0.0087  memory: 5150  loss: 0.9380  loss_cls: 0.2917  loss_bbox: 0.5451  loss_dir: 0.1012
2026/03/12 09:40:27 - mmengine - INFO - Epoch(train)  [1][ 870/7312]  lr: 1.0000e-03  eta: 1 day, 14:25:08  time: 0.3753  data_time: 0.0087  memory: 5015  loss: 0.8494  loss_cls: 0.2654  loss_bbox: 0.4871  loss_dir: 0.0969
2026/03/12 09:40:31 - mmengine - INFO - Epoch(train)  [1][ 880/7312]  lr: 1.0000e-03  eta: 1 day, 14:25:17  time: 0.3822  data_time: 0.0087  memory: 4980  loss: 0.8483  loss_cls: 0.2606  loss_bbox: 0.4916  loss_dir: 0.0961
2026/03/12 09:40:34 - mmengine - INFO - Epoch(train)  [1][ 890/7312]  lr: 1.0000e-03  eta: 1 day, 14:25:18  time: 0.3804  data_time: 0.0088  memory: 4980  loss: 0.8302  loss_cls: 0.2545  loss_bbox: 0.4853  loss_dir: 0.0904
2026/03/12 09:40:38 - mmengine - INFO - Epoch(train)  [1][ 900/7312]  lr: 1.0000e-03  eta: 1 day, 14:25:20  time: 0.3807  data_time: 0.0088  memory: 5096  loss: 0.8922  loss_cls: 0.2784  loss_bbox: 0.5166  loss_dir: 0.0972
2026/03/12 09:40:42 - mmengine - INFO - Epoch(train)  [1][ 910/7312]  lr: 1.0000e-03  eta: 1 day, 14:25:19  time: 0.3799  data_time: 0.0082  memory: 4981  loss: 0.8593  loss_cls: 0.2624  loss_bbox: 0.5039  loss_dir: 0.0930
2026/03/12 09:40:46 - mmengine - INFO - Epoch(train)  [1][ 920/7312]  lr: 1.0000e-03  eta: 1 day, 14:25:07  time: 0.3774  data_time: 0.0084  memory: 4981  loss: 0.9314  loss_cls: 0.2962  loss_bbox: 0.5330  loss_dir: 0.1023
2026/03/12 09:40:50 - mmengine - INFO - Epoch(train)  [1][ 930/7312]  lr: 1.0000e-03  eta: 1 day, 14:24:47  time: 0.3751  data_time: 0.0084  memory: 5047  loss: 0.8716  loss_cls: 0.2827  loss_bbox: 0.4955  loss_dir: 0.0934
2026/03/12 09:40:53 - mmengine - INFO - Epoch(train)  [1][ 940/7312]  lr: 1.0000e-03  eta: 1 day, 14:24:25  time: 0.3745  data_time: 0.0085  memory: 5092  loss: 0.9132  loss_cls: 0.2697  loss_bbox: 0.5445  loss_dir: 0.0990
2026/03/12 09:40:57 - mmengine - INFO - Epoch(train)  [1][ 950/7312]  lr: 1.0000e-03  eta: 1 day, 14:24:33  time: 0.3821  data_time: 0.0086  memory: 5109  loss: 0.8985  loss_cls: 0.2776  loss_bbox: 0.5268  loss_dir: 0.0941
2026/03/12 09:41:01 - mmengine - INFO - Epoch(train)  [1][ 960/7312]  lr: 1.0000e-03  eta: 1 day, 14:24:05  time: 0.3728  data_time: 0.0086  memory: 4980  loss: 0.8774  loss_cls: 0.2646  loss_bbox: 0.5227  loss_dir: 0.0901
2026/03/12 09:41:05 - mmengine - INFO - Epoch(train)  [1][ 970/7312]  lr: 1.0000e-03  eta: 1 day, 14:24:14  time: 0.3826  data_time: 0.0086  memory: 5103  loss: 0.8330  loss_cls: 0.2588  loss_bbox: 0.4861  loss_dir: 0.0882
2026/03/12 09:41:09 - mmengine - INFO - Epoch(train)  [1][ 980/7312]  lr: 1.0000e-03  eta: 1 day, 14:24:29  time: 0.3843  data_time: 0.0083  memory: 5012  loss: 0.8520  loss_cls: 0.2718  loss_bbox: 0.4900  loss_dir: 0.0902
2026/03/12 09:41:12 - mmengine - INFO - Epoch(train)  [1][ 990/7312]  lr: 1.0000e-03  eta: 1 day, 14:24:11  time: 0.3753  data_time: 0.0085  memory: 4980  loss: 0.8690  loss_cls: 0.2739  loss_bbox: 0.5032  loss_dir: 0.0919
2026/03/12 09:41:16 - mmengine - INFO - Exp name: cbam_ensemble_vlm_film_10_conditions_20260312_093320
2026/03/12 09:41:16 - mmengine - INFO - Epoch(train)  [1][1000/7312]  lr: 1.0000e-03  eta: 1 day, 14:23:56  time: 0.3762  data_time: 0.0086  memory: 5012  loss: 0.8500  loss_cls: 0.2685  loss_bbox: 0.4927  loss_dir: 0.0887
2026/03/12 09:41:20 - mmengine - INFO - Epoch(train)  [1][1010/7312]  lr: 1.0000e-03  eta: 1 day, 14:23:49  time: 0.3782  data_time: 0.0085  memory: 5034  loss: 0.8722  loss_cls: 0.2680  loss_bbox: 0.5148  loss_dir: 0.0893
2026/03/12 09:41:24 - mmengine - INFO - Epoch(train)  [1][1020/7312]  lr: 1.0000e-03  eta: 1 day, 14:23:31  time: 0.3752  data_time: 0.0085  memory: 5072  loss: 0.8659  loss_cls: 0.2761  loss_bbox: 0.4980  loss_dir: 0.0918
2026/03/12 09:41:27 - mmengine - INFO - Epoch(train)  [1][1030/7312]  lr: 1.0000e-03  eta: 1 day, 14:23:31  time: 0.3803  data_time: 0.0083  memory: 4981  loss: 0.8433  loss_cls: 0.2690  loss_bbox: 0.4825  loss_dir: 0.0918
2026/03/12 09:41:31 - mmengine - INFO - Epoch(train)  [1][1040/7312]  lr: 1.0000e-03  eta: 1 day, 14:23:00  time: 0.3714  data_time: 0.0085  memory: 4981  loss: 0.8398  loss_cls: 0.2722  loss_bbox: 0.4814  loss_dir: 0.0862
2026/03/12 09:41:35 - mmengine - INFO - Epoch(train)  [1][1050/7312]  lr: 1.0000e-03  eta: 1 day, 14:23:11  time: 0.3833  data_time: 0.0085  memory: 5104  loss: 0.8333  loss_cls: 0.2597  loss_bbox: 0.4878  loss_dir: 0.0858
2026/03/12 09:41:39 - mmengine - INFO - Epoch(train)  [1][1060/7312]  lr: 1.0000e-03  eta: 1 day, 14:22:52  time: 0.3747  data_time: 0.0082  memory: 5023  loss: 0.8339  loss_cls: 0.2662  loss_bbox: 0.4804  loss_dir: 0.0874
2026/03/12 09:41:42 - mmengine - INFO - Epoch(train)  [1][1070/7312]  lr: 1.0000e-03  eta: 1 day, 14:22:13  time: 0.3687  data_time: 0.0084  memory: 4994  loss: 0.8718  loss_cls: 0.2615  loss_bbox: 0.5185  loss_dir: 0.0917
2026/03/12 09:41:46 - mmengine - INFO - Epoch(train)  [1][1080/7312]  lr: 1.0000e-03  eta: 1 day, 14:22:09  time: 0.3787  data_time: 0.0085  memory: 5051  loss: 0.8814  loss_cls: 0.2726  loss_bbox: 0.5181  loss_dir: 0.0907
2026/03/12 09:41:50 - mmengine - INFO - Epoch(train)  [1][1090/7312]  lr: 1.0000e-03  eta: 1 day, 14:21:48  time: 0.3739  data_time: 0.0086  memory: 5016  loss: 0.8519  loss_cls: 0.2655  loss_bbox: 0.4961  loss_dir: 0.0902
2026/03/12 09:41:54 - mmengine - INFO - Epoch(train)  [1][1100/7312]  lr: 1.0000e-03  eta: 1 day, 14:22:05  time: 0.3853  data_time: 0.0085  memory: 5015  loss: 0.8899  loss_cls: 0.2796  loss_bbox: 0.5226  loss_dir: 0.0877
2026/03/12 09:41:58 - mmengine - INFO - Epoch(train)  [1][1110/7312]  lr: 1.0000e-03  eta: 1 day, 14:21:58  time: 0.3779  data_time: 0.0079  memory: 5087  loss: 0.8435  loss_cls: 0.2665  loss_bbox: 0.4896  loss_dir: 0.0874
2026/03/12 09:42:01 - mmengine - INFO - Epoch(train)  [1][1120/7312]  lr: 1.0000e-03  eta: 1 day, 14:21:56  time: 0.3796  data_time: 0.0086  memory: 4981  loss: 0.8411  loss_cls: 0.2697  loss_bbox: 0.4825  loss_dir: 0.0889
2026/03/12 09:42:05 - mmengine - INFO - Epoch(train)  [1][1130/7312]  lr: 1.0000e-03  eta: 1 day, 14:21:59  time: 0.3810  data_time: 0.0085  memory: 5013  loss: 0.8622  loss_cls: 0.2704  loss_bbox: 0.5015  loss_dir: 0.0903
2026/03/12 09:42:09 - mmengine - INFO - Epoch(train)  [1][1140/7312]  lr: 1.0000e-03  eta: 1 day, 14:21:43  time: 0.3750  data_time: 0.0082  memory: 5009  loss: 0.8734  loss_cls: 0.2709  loss_bbox: 0.5198  loss_dir: 0.0827
2026/03/12 09:42:13 - mmengine - INFO - Epoch(train)  [1][1150/7312]  lr: 1.0000e-03  eta: 1 day, 14:21:36  time: 0.3782  data_time: 0.0085  memory: 5098  loss: 0.9351  loss_cls: 0.2821  loss_bbox: 0.5612  loss_dir: 0.0919
2026/03/12 09:42:16 - mmengine - INFO - Epoch(train)  [1][1160/7312]  lr: 1.0000e-03  eta: 1 day, 14:21:32  time: 0.3788  data_time: 0.0079  memory: 4981  loss: 0.8170  loss_cls: 0.2447  loss_bbox: 0.4863  loss_dir: 0.0860
2026/03/12 09:42:20 - mmengine - INFO - Epoch(train)  [1][1170/7312]  lr: 1.0000e-03  eta: 1 day, 14:21:11  time: 0.3734  data_time: 0.0086  memory: 5007  loss: 0.8702  loss_cls: 0.2644  loss_bbox: 0.5172  loss_dir: 0.0886
2026/03/12 09:42:24 - mmengine - INFO - Epoch(train)  [1][1180/7312]  lr: 1.0000e-03  eta: 1 day, 14:21:15  time: 0.3814  data_time: 0.0088  memory: 5040  loss: 0.8985  loss_cls: 0.2622  loss_bbox: 0.5477  loss_dir: 0.0886
2026/03/12 09:42:28 - mmengine - INFO - Epoch(train)  [1][1190/7312]  lr: 1.0000e-03  eta: 1 day, 14:21:13  time: 0.3794  data_time: 0.0088  memory: 4983  loss: 0.8521  loss_cls: 0.2653  loss_bbox: 0.4999  loss_dir: 0.0868
2026/03/12 09:42:32 - mmengine - INFO - Epoch(train)  [1][1200/7312]  lr: 1.0000e-03  eta: 1 day, 14:20:56  time: 0.3747  data_time: 0.0085  memory: 4993  loss: 0.8241  loss_cls: 0.2454  loss_bbox: 0.4947  loss_dir: 0.0840
2026/03/12 09:42:35 - mmengine - INFO - Epoch(train)  [1][1210/7312]  lr: 1.0000e-03  eta: 1 day, 14:20:49  time: 0.3777  data_time: 0.0084  memory: 5000  loss: 0.8208  loss_cls: 0.2558  loss_bbox: 0.4831  loss_dir: 0.0819
2026/03/12 09:42:39 - mmengine - INFO - Epoch(train)  [1][1220/7312]  lr: 1.0000e-03  eta: 1 day, 14:20:32  time: 0.3743  data_time: 0.0079  memory: 4980  loss: 0.8661  loss_cls: 0.2618  loss_bbox: 0.5195  loss_dir: 0.0847
2026/03/12 09:42:43 - mmengine - INFO - Epoch(train)  [1][1230/7312]  lr: 1.0000e-03  eta: 1 day, 14:20:44  time: 0.3843  data_time: 0.0084  memory: 4991  loss: 0.7641  loss_cls: 0.2408  loss_bbox: 0.4445  loss_dir: 0.0788
2026/03/12 09:42:47 - mmengine - INFO - Epoch(train)  [1][1240/7312]  lr: 1.0000e-03  eta: 1 day, 14:20:37  time: 0.3776  data_time: 0.0086  memory: 5043  loss: 0.8882  loss_cls: 0.2740  loss_bbox: 0.5256  loss_dir: 0.0885
2026/03/12 09:42:50 - mmengine - INFO - Epoch(train)  [1][1250/7312]  lr: 1.0000e-03  eta: 1 day, 14:19:49  time: 0.3638  data_time: 0.0087  memory: 4981  loss: 0.8548  loss_cls: 0.2684  loss_bbox: 0.5036  loss_dir: 0.0828
2026/03/12 09:42:54 - mmengine - INFO - Epoch(train)  [1][1260/7312]  lr: 1.0000e-03  eta: 1 day, 14:19:27  time: 0.3723  data_time: 0.0084  memory: 5106  loss: 0.8581  loss_cls: 0.2689  loss_bbox: 0.5047  loss_dir: 0.0844
2026/03/12 09:42:58 - mmengine - INFO - Epoch(train)  [1][1270/7312]  lr: 1.0000e-03  eta: 1 day, 14:19:02  time: 0.3712  data_time: 0.0083  memory: 4999  loss: 0.8790  loss_cls: 0.2804  loss_bbox: 0.5087  loss_dir: 0.0899
2026/03/12 09:43:01 - mmengine - INFO - Epoch(train)  [1][1280/7312]  lr: 1.0000e-03  eta: 1 day, 14:18:20  time: 0.3651  data_time: 0.0077  memory: 4980  loss: 0.8086  loss_cls: 0.2591  loss_bbox: 0.4638  loss_dir: 0.0856
2026/03/12 09:43:05 - mmengine - INFO - Epoch(train)  [1][1290/7312]  lr: 1.0000e-03  eta: 1 day, 14:18:27  time: 0.3824  data_time: 0.0087  memory: 5056  loss: 0.8578  loss_cls: 0.2706  loss_bbox: 0.5009  loss_dir: 0.0863
2026/03/12 09:43:09 - mmengine - INFO - Epoch(train)  [1][1300/7312]  lr: 1.0000e-03  eta: 1 day, 14:17:52  time: 0.3676  data_time: 0.0086  memory: 4980  loss: 0.8706  loss_cls: 0.2687  loss_bbox: 0.5187  loss_dir: 0.0831
2026/03/12 09:43:13 - mmengine - INFO - Epoch(train)  [1][1310/7312]  lr: 1.0000e-03  eta: 1 day, 14:17:49  time: 0.3788  data_time: 0.0088  memory: 4981  loss: 0.8081  loss_cls: 0.2506  loss_bbox: 0.4749  loss_dir: 0.0826
2026/03/12 09:43:17 - mmengine - INFO - Epoch(train)  [1][1320/7312]  lr: 1.0000e-03  eta: 1 day, 14:18:00  time: 0.3837  data_time: 0.0086  memory: 4981  loss: 0.8697  loss_cls: 0.2702  loss_bbox: 0.5184  loss_dir: 0.0811
2026/03/12 09:43:20 - mmengine - INFO - Epoch(train)  [1][1330/7312]  lr: 1.0000e-03  eta: 1 day, 14:17:45  time: 0.3744  data_time: 0.0085  memory: 4981  loss: 0.8396  loss_cls: 0.2595  loss_bbox: 0.4968  loss_dir: 0.0833
2026/03/12 09:43:24 - mmengine - INFO - Epoch(train)  [1][1340/7312]  lr: 1.0000e-03  eta: 1 day, 14:17:41  time: 0.3785  data_time: 0.0081  memory: 5088  loss: 0.8021  loss_cls: 0.2554  loss_bbox: 0.4663  loss_dir: 0.0803
2026/03/12 09:43:28 - mmengine - INFO - Epoch(train)  [1][1350/7312]  lr: 1.0000e-03  eta: 1 day, 14:17:28  time: 0.3749  data_time: 0.0085  memory: 5127  loss: 0.8828  loss_cls: 0.2813  loss_bbox: 0.5134  loss_dir: 0.0880
2026/03/12 09:43:31 - mmengine - INFO - Epoch(train)  [1][1360/7312]  lr: 1.0000e-03  eta: 1 day, 14:16:42  time: 0.3627  data_time: 0.0083  memory: 4981  loss: 0.8361  loss_cls: 0.2609  loss_bbox: 0.4978  loss_dir: 0.0773
2026/03/12 09:43:35 - mmengine - INFO - Epoch(train)  [1][1370/7312]  lr: 1.0000e-03  eta: 1 day, 14:16:45  time: 0.3809  data_time: 0.0085  memory: 4981  loss: 0.8046  loss_cls: 0.2650  loss_bbox: 0.4589  loss_dir: 0.0808
2026/03/12 09:43:39 - mmengine - INFO - Epoch(train)  [1][1380/7312]  lr: 1.0000e-03  eta: 1 day, 14:16:42  time: 0.3787  data_time: 0.0085  memory: 4981  loss: 0.7805  loss_cls: 0.2529  loss_bbox: 0.4491  loss_dir: 0.0784
2026/03/12 09:43:43 - mmengine - INFO - Epoch(train)  [1][1390/7312]  lr: 1.0000e-03  eta: 1 day, 14:16:49  time: 0.3827  data_time: 0.0087  memory: 5014  loss: 0.7968  loss_cls: 0.2464  loss_bbox: 0.4636  loss_dir: 0.0868
2026/03/12 09:43:47 - mmengine - INFO - Epoch(train)  [1][1400/7312]  lr: 1.0000e-03  eta: 1 day, 14:17:09  time: 0.3875  data_time: 0.0085  memory: 5127  loss: 0.8521  loss_cls: 0.2612  loss_bbox: 0.5078  loss_dir: 0.0831
2026/03/12 09:43:51 - mmengine - INFO - Epoch(train)  [1][1410/7312]  lr: 1.0000e-03  eta: 1 day, 14:17:10  time: 0.3801  data_time: 0.0085  memory: 5004  loss: 0.8106  loss_cls: 0.2523  loss_bbox: 0.4810  loss_dir: 0.0772
2026/03/12 09:43:54 - mmengine - INFO - Epoch(train)  [1][1420/7312]  lr: 1.0000e-03  eta: 1 day, 14:17:16  time: 0.3824  data_time: 0.0085  memory: 4981  loss: 0.8299  loss_cls: 0.2595  loss_bbox: 0.4907  loss_dir: 0.0797
2026/03/12 09:43:58 - mmengine - INFO - Epoch(train)  [1][1430/7312]  lr: 1.0000e-03  eta: 1 day, 14:17:24  time: 0.3832  data_time: 0.0083  memory: 5066  loss: 0.7913  loss_cls: 0.2513  loss_bbox: 0.4613  loss_dir: 0.0787
2026/03/12 09:44:02 - mmengine - INFO - Epoch(train)  [1][1440/7312]  lr: 1.0000e-03  eta: 1 day, 14:17:29  time: 0.3817  data_time: 0.0083  memory: 5072  loss: 0.8193  loss_cls: 0.2674  loss_bbox: 0.4683  loss_dir: 0.0836
2026/03/12 09:44:06 - mmengine - INFO - Epoch(train)  [1][1450/7312]  lr: 1.0000e-03  eta: 1 day, 14:17:15  time: 0.3745  data_time: 0.0084  memory: 5076  loss: 0.8395  loss_cls: 0.2657  loss_bbox: 0.4923  loss_dir: 0.0815
2026/03/12 09:44:10 - mmengine - INFO - Epoch(train)  [1][1460/7312]  lr: 1.0000e-03  eta: 1 day, 14:17:08  time: 0.3774  data_time: 0.0083  memory: 5030  loss: 0.8741  loss_cls: 0.2639  loss_bbox: 0.5220  loss_dir: 0.0882
2026/03/12 09:44:13 - mmengine - INFO - Epoch(train)  [1][1470/7312]  lr: 1.0000e-03  eta: 1 day, 14:17:12  time: 0.3817  data_time: 0.0086  memory: 4981  loss: 0.8502  loss_cls: 0.2656  loss_bbox: 0.4986  loss_dir: 0.0860
2026/03/12 09:44:17 - mmengine - INFO - Epoch(train)  [1][1480/7312]  lr: 1.0000e-03  eta: 1 day, 14:17:12  time: 0.3800  data_time: 0.0083  memory: 4980  loss: 0.8789  loss_cls: 0.2785  loss_bbox: 0.5179  loss_dir: 0.0825
2026/03/12 09:44:21 - mmengine - INFO - Epoch(train)  [1][1490/7312]  lr: 1.0000e-03  eta: 1 day, 14:16:52  time: 0.3721  data_time: 0.0084  memory: 5095  loss: 0.8231  loss_cls: 0.2680  loss_bbox: 0.4744  loss_dir: 0.0807
2026/03/12 09:44:25 - mmengine - INFO - Epoch(train)  [1][1500/7312]  lr: 1.0000e-03  eta: 1 day, 14:16:49  time: 0.3786  data_time: 0.0084  memory: 5045  loss: 0.8521  loss_cls: 0.2694  loss_bbox: 0.4957  loss_dir: 0.0870
2026/03/12 09:44:28 - mmengine - INFO - Epoch(train)  [1][1510/7312]  lr: 1.0000e-03  eta: 1 day, 14:16:44  time: 0.3779  data_time: 0.0083  memory: 4981  loss: 0.8734  loss_cls: 0.2732  loss_bbox: 0.5176  loss_dir: 0.0826
2026/03/12 09:44:32 - mmengine - INFO - Epoch(train)  [1][1520/7312]  lr: 1.0000e-03  eta: 1 day, 14:16:40  time: 0.3784  data_time: 0.0084  memory: 5042  loss: 0.9122  loss_cls: 0.2804  loss_bbox: 0.5463  loss_dir: 0.0855
2026/03/12 09:44:36 - mmengine - INFO - Epoch(train)  [1][1530/7312]  lr: 1.0000e-03  eta: 1 day, 14:16:14  time: 0.3693  data_time: 0.0083  memory: 4980  loss: 0.8173  loss_cls: 0.2580  loss_bbox: 0.4785  loss_dir: 0.0808
2026/03/12 09:44:40 - mmengine - INFO - Epoch(train)  [1][1540/7312]  lr: 1.0000e-03  eta: 1 day, 14:16:14  time: 0.3800  data_time: 0.0083  memory: 5048  loss: 0.7773  loss_cls: 0.2442  loss_bbox: 0.4532  loss_dir: 0.0798
2026/03/12 09:44:44 - mmengine - INFO - Epoch(train)  [1][1550/7312]  lr: 1.0000e-03  eta: 1 day, 14:16:16  time: 0.3807  data_time: 0.0088  memory: 5046  loss: 0.8345  loss_cls: 0.2608  loss_bbox: 0.4911  loss_dir: 0.0826
2026/03/12 09:44:47 - mmengine - INFO - Epoch(train)  [1][1560/7312]  lr: 1.0000e-03  eta: 1 day, 14:16:20  time: 0.3821  data_time: 0.0084  memory: 4981  loss: 0.8239  loss_cls: 0.2582  loss_bbox: 0.4848  loss_dir: 0.0808
2026/03/12 09:44:51 - mmengine - INFO - Epoch(train)  [1][1570/7312]  lr: 1.0000e-03  eta: 1 day, 14:16:28  time: 0.3835  data_time: 0.0084  memory: 5095  loss: 0.8297  loss_cls: 0.2619  loss_bbox: 0.4825  loss_dir: 0.0853
2026/03/12 09:44:55 - mmengine - INFO - Epoch(train)  [1][1580/7312]  lr: 1.0000e-03  eta: 1 day, 14:16:06  time: 0.3705  data_time: 0.0084  memory: 5064  loss: 0.8035  loss_cls: 0.2500  loss_bbox: 0.4716  loss_dir: 0.0820
2026/03/12 09:44:59 - mmengine - INFO - Epoch(train)  [1][1590/7312]  lr: 1.0000e-03  eta: 1 day, 14:15:52  time: 0.3739  data_time: 0.0082  memory: 5128  loss: 0.8705  loss_cls: 0.2694  loss_bbox: 0.5168  loss_dir: 0.0843
2026/03/12 09:45:02 - mmengine - INFO - Epoch(train)  [1][1600/7312]  lr: 1.0000e-03  eta: 1 day, 14:15:26  time: 0.3689  data_time: 0.0082  memory: 4988  loss: 0.7988  loss_cls: 0.2472  loss_bbox: 0.4751  loss_dir: 0.0766
2026/03/12 09:45:06 - mmengine - INFO - Epoch(train)  [1][1610/7312]  lr: 1.0000e-03  eta: 1 day, 14:15:25  time: 0.3796  data_time: 0.0082  memory: 4981  loss: 0.7699  loss_cls: 0.2531  loss_bbox: 0.4393  loss_dir: 0.0775
2026/03/12 09:45:10 - mmengine - INFO - Epoch(train)  [1][1620/7312]  lr: 1.0000e-03  eta: 1 day, 14:14:55  time: 0.3667  data_time: 0.0079  memory: 4981  loss: 0.7918  loss_cls: 0.2490  loss_bbox: 0.4649  loss_dir: 0.0779
2026/03/12 09:45:14 - mmengine - INFO - Epoch(train)  [1][1630/7312]  lr: 1.0000e-03  eta: 1 day, 14:14:40  time: 0.3732  data_time: 0.0082  memory: 5102  loss: 0.8022  loss_cls: 0.2607  loss_bbox: 0.4626  loss_dir: 0.0788
2026/03/12 09:45:17 - mmengine - INFO - Epoch(train)  [1][1640/7312]  lr: 1.0000e-03  eta: 1 day, 14:14:44  time: 0.3816  data_time: 0.0083  memory: 5050  loss: 0.8133  loss_cls: 0.2571  loss_bbox: 0.4782  loss_dir: 0.0779
2026/03/12 09:45:21 - mmengine - INFO - Epoch(train)  [1][1650/7312]  lr: 1.0000e-03  eta: 1 day, 14:14:36  time: 0.3765  data_time: 0.0082  memory: 4981  loss: 0.8391  loss_cls: 0.2739  loss_bbox: 0.4863  loss_dir: 0.0789
2026/03/12 09:45:25 - mmengine - INFO - Epoch(train)  [1][1660/7312]  lr: 1.0000e-03  eta: 1 day, 14:14:32  time: 0.3781  data_time: 0.0081  memory: 4981  loss: 0.8400  loss_cls: 0.2584  loss_bbox: 0.5006  loss_dir: 0.0811
2026/03/12 09:45:28 - mmengine - INFO - Epoch(train)  [1][1670/7312]  lr: 1.0000e-03  eta: 1 day, 14:13:54  time: 0.3625  data_time: 0.0082  memory: 4981  loss: 0.8381  loss_cls: 0.2627  loss_bbox: 0.4921  loss_dir: 0.0833
2026/03/12 09:45:32 - mmengine - INFO - Epoch(train)  [1][1680/7312]  lr: 1.0000e-03  eta: 1 day, 14:13:38  time: 0.3726  data_time: 0.0082  memory: 5012  loss: 0.8178  loss_cls: 0.2668  loss_bbox: 0.4740  loss_dir: 0.0770
2026/03/12 09:45:36 - mmengine - INFO - Epoch(train)  [1][1690/7312]  lr: 1.0000e-03  eta: 1 day, 14:13:48  time: 0.3849  data_time: 0.0084  memory: 5121  loss: 0.8078  loss_cls: 0.2583  loss_bbox: 0.4699  loss_dir: 0.0796
2026/03/12 09:45:40 - mmengine - INFO - Epoch(train)  [1][1700/7312]  lr: 1.0000e-03  eta: 1 day, 14:13:58  time: 0.3846  data_time: 0.0083  memory: 4980  loss: 0.8007  loss_cls: 0.2421  loss_bbox: 0.4781  loss_dir: 0.0805
2026/03/12 09:45:44 - mmengine - INFO - Epoch(train)  [1][1710/7312]  lr: 1.0000e-03  eta: 1 day, 14:13:29  time: 0.3663  data_time: 0.0081  memory: 4988  loss: 0.8152  loss_cls: 0.2615  loss_bbox: 0.4695  loss_dir: 0.0842
2026/03/12 09:45:47 - mmengine - INFO - Epoch(train)  [1][1720/7312]  lr: 1.0000e-03  eta: 1 day, 14:13:28  time: 0.3792  data_time: 0.0084  memory: 5155  loss: 0.8000  loss_cls: 0.2547  loss_bbox: 0.4656  loss_dir: 0.0797
2026/03/12 09:45:51 - mmengine - INFO - Epoch(train)  [1][1730/7312]  lr: 1.0000e-03  eta: 1 day, 14:13:25  time: 0.3787  data_time: 0.0082  memory: 4981  loss: 0.7905  loss_cls: 0.2469  loss_bbox: 0.4693  loss_dir: 0.0744
2026/03/12 09:45:55 - mmengine - INFO - Epoch(train)  [1][1740/7312]  lr: 1.0000e-03  eta: 1 day, 14:13:39  time: 0.3869  data_time: 0.0076  memory: 4980  loss: 0.8009  loss_cls: 0.2599  loss_bbox: 0.4597  loss_dir: 0.0814
2026/03/12 09:45:59 - mmengine - INFO - Epoch(train)  [1][1750/7312]  lr: 1.0000e-03  eta: 1 day, 14:13:33  time: 0.3769  data_time: 0.0085  memory: 5081  loss: 0.8064  loss_cls: 0.2544  loss_bbox: 0.4747  loss_dir: 0.0773
2026/03/12 09:46:02 - mmengine - INFO - Epoch(train)  [1][1760/7312]  lr: 1.0000e-03  eta: 1 day, 14:12:58  time: 0.3631  data_time: 0.0085  memory: 5103  loss: 0.7997  loss_cls: 0.2629  loss_bbox: 0.4591  loss_dir: 0.0778
2026/03/12 09:46:06 - mmengine - INFO - Epoch(train)  [1][1770/7312]  lr: 1.0000e-03  eta: 1 day, 14:13:00  time: 0.3811  data_time: 0.0087  memory: 5066  loss: 0.7638  loss_cls: 0.2383  loss_bbox: 0.4514  loss_dir: 0.0740
2026/03/12 09:46:10 - mmengine - INFO - Epoch(train)  [1][1780/7312]  lr: 1.0000e-03  eta: 1 day, 14:13:03  time: 0.3814  data_time: 0.0089  memory: 4981  loss: 0.7856  loss_cls: 0.2543  loss_bbox: 0.4540  loss_dir: 0.0773
2026/03/12 09:46:14 - mmengine - INFO - Epoch(train)  [1][1790/7312]  lr: 1.0000e-03  eta: 1 day, 14:12:51  time: 0.3741  data_time: 0.0090  memory: 4998  loss: 0.8321  loss_cls: 0.2627  loss_bbox: 0.4890  loss_dir: 0.0803
2026/03/12 09:46:18 - mmengine - INFO - Epoch(train)  [1][1800/7312]  lr: 1.0000e-03  eta: 1 day, 14:12:46  time: 0.3774  data_time: 0.0090  memory: 5124  loss: 0.8557  loss_cls: 0.2669  loss_bbox: 0.5087  loss_dir: 0.0801
2026/03/12 09:46:21 - mmengine - INFO - Epoch(train)  [1][1810/7312]  lr: 1.0000e-03  eta: 1 day, 14:12:29  time: 0.3715  data_time: 0.0083  memory: 4981  loss: 0.7848  loss_cls: 0.2492  loss_bbox: 0.4553  loss_dir: 0.0803
2026/03/12 09:46:25 - mmengine - INFO - Epoch(train)  [1][1820/7312]  lr: 1.0000e-03  eta: 1 day, 14:12:35  time: 0.3830  data_time: 0.0081  memory: 5031  loss: 0.8259  loss_cls: 0.2716  loss_bbox: 0.4707  loss_dir: 0.0836
2026/03/12 09:46:29 - mmengine - INFO - Epoch(train)  [1][1830/7312]  lr: 1.0000e-03  eta: 1 day, 14:12:33  time: 0.3793  data_time: 0.0087  memory: 4981  loss: 0.7928  loss_cls: 0.2436  loss_bbox: 0.4716  loss_dir: 0.0776
2026/03/12 09:46:33 - mmengine - INFO - Epoch(train)  [1][1840/7312]  lr: 1.0000e-03  eta: 1 day, 14:12:25  time: 0.3760  data_time: 0.0086  memory: 5060  loss: 0.8185  loss_cls: 0.2587  loss_bbox: 0.4793  loss_dir: 0.0806
2026/03/12 09:46:36 - mmengine - INFO - Epoch(train)  [1][1850/7312]  lr: 1.0000e-03  eta: 1 day, 14:12:28  time: 0.3815  data_time: 0.0082  memory: 4990  loss: 0.7165  loss_cls: 0.2395  loss_bbox: 0.4057  loss_dir: 0.0713
2026/03/12 09:46:40 - mmengine - INFO - Epoch(train)  [1][1860/7312]  lr: 1.0000e-03  eta: 1 day, 14:12:25  time: 0.3786  data_time: 0.0086  memory: 4980  loss: 0.8581  loss_cls: 0.2788  loss_bbox: 0.4970  loss_dir: 0.0822
2026/03/12 09:46:44 - mmengine - INFO - Epoch(train)  [1][1870/7312]  lr: 1.0000e-03  eta: 1 day, 14:12:23  time: 0.3790  data_time: 0.0085  memory: 4982  loss: 0.8315  loss_cls: 0.2625  loss_bbox: 0.4873  loss_dir: 0.0817
2026/03/12 09:46:48 - mmengine - INFO - Epoch(train)  [1][1880/7312]  lr: 1.0000e-03  eta: 1 day, 14:12:24  time: 0.3804  data_time: 0.0085  memory: 5075  loss: 0.8290  loss_cls: 0.2484  loss_bbox: 0.4990  loss_dir: 0.0816
2026/03/12 09:46:52 - mmengine - INFO - Epoch(train)  [1][1890/7312]  lr: 1.0000e-03  eta: 1 day, 14:12:11  time: 0.3737  data_time: 0.0086  memory: 4981  loss: 0.8447  loss_cls: 0.2760  loss_bbox: 0.4892  loss_dir: 0.0794
2026/03/12 09:46:55 - mmengine - INFO - Epoch(train)  [1][1900/7312]  lr: 1.0000e-03  eta: 1 day, 14:12:11  time: 0.3797  data_time: 0.0083  memory: 5077  loss: 0.7943  loss_cls: 0.2505  loss_bbox: 0.4662  loss_dir: 0.0776
2026/03/12 09:46:59 - mmengine - INFO - Epoch(train)  [1][1910/7312]  lr: 1.0000e-03  eta: 1 day, 14:12:14  time: 0.3819  data_time: 0.0085  memory: 5177  loss: 0.8159  loss_cls: 0.2508  loss_bbox: 0.4870  loss_dir: 0.0782
2026/03/12 09:47:03 - mmengine - INFO - Epoch(train)  [1][1920/7312]  lr: 1.0000e-03  eta: 1 day, 14:12:11  time: 0.3786  data_time: 0.0077  memory: 4981  loss: 0.7415  loss_cls: 0.2338  loss_bbox: 0.4318  loss_dir: 0.0759
2026/03/12 09:47:07 - mmengine - INFO - Epoch(train)  [1][1930/7312]  lr: 1.0000e-03  eta: 1 day, 14:12:21  time: 0.3854  data_time: 0.0087  memory: 4980  loss: 0.7955  loss_cls: 0.2473  loss_bbox: 0.4700  loss_dir: 0.0781
2026/03/12 09:47:11 - mmengine - INFO - Epoch(train)  [1][1940/7312]  lr: 1.0000e-03  eta: 1 day, 14:12:09  time: 0.3738  data_time: 0.0087  memory: 4981  loss: 0.7601  loss_cls: 0.2432  loss_bbox: 0.4433  loss_dir: 0.0737
2026/03/12 09:47:14 - mmengine - INFO - Epoch(train)  [1][1950/7312]  lr: 1.0000e-03  eta: 1 day, 14:12:06  time: 0.3784  data_time: 0.0086  memory: 4981  loss: 0.8067  loss_cls: 0.2522  loss_bbox: 0.4748  loss_dir: 0.0798
2026/03/12 09:47:18 - mmengine - INFO - Epoch(train)  [1][1960/7312]  lr: 1.0000e-03  eta: 1 day, 14:12:01  time: 0.3779  data_time: 0.0086  memory: 4980  loss: 0.8409  loss_cls: 0.2540  loss_bbox: 0.5028  loss_dir: 0.0841
2026/03/12 09:47:22 - mmengine - INFO - Epoch(train)  [1][1970/7312]  lr: 1.0000e-03  eta: 1 day, 14:11:59  time: 0.3788  data_time: 0.0085  memory: 4982  loss: 0.8366  loss_cls: 0.2544  loss_bbox: 0.5033  loss_dir: 0.0788
2026/03/12 09:47:26 - mmengine - INFO - Epoch(train)  [1][1980/7312]  lr: 1.0000e-03  eta: 1 day, 14:11:55  time: 0.3785  data_time: 0.0085  memory: 5087  loss: 0.7556  loss_cls: 0.2457  loss_bbox: 0.4340  loss_dir: 0.0759
2026/03/12 09:47:29 - mmengine - INFO - Epoch(train)  [1][1990/7312]  lr: 1.0000e-03  eta: 1 day, 14:11:45  time: 0.3748  data_time: 0.0089  memory: 4980  loss: 0.8218  loss_cls: 0.2630  loss_bbox: 0.4840  loss_dir: 0.0748
2026/03/12 09:47:33 - mmengine - INFO - Exp name: cbam_ensemble_vlm_film_10_conditions_20260312_093320
2026/03/12 09:47:33 - mmengine - INFO - Epoch(train)  [1][2000/7312]  lr: 1.0000e-03  eta: 1 day, 14:11:52  time: 0.3839  data_time: 0.0080  memory: 5157  loss: 0.8018  loss_cls: 0.2463  loss_bbox: 0.4782  loss_dir: 0.0773
2026/03/12 09:47:37 - mmengine - INFO - Epoch(train)  [1][2010/7312]  lr: 1.0000e-03  eta: 1 day, 14:11:52  time: 0.3804  data_time: 0.0085  memory: 4997  loss: 0.8086  loss_cls: 0.2496  loss_bbox: 0.4789  loss_dir: 0.0801
2026/03/12 09:47:41 - mmengine - INFO - Epoch(train)  [1][2020/7312]  lr: 1.0000e-03  eta: 1 day, 14:11:43  time: 0.3753  data_time: 0.0085  memory: 4981  loss: 0.7664  loss_cls: 0.2396  loss_bbox: 0.4494  loss_dir: 0.0774
2026/03/12 09:47:45 - mmengine - INFO - Epoch(train)  [1][2030/7312]  lr: 1.0000e-03  eta: 1 day, 14:11:39  time: 0.3782  data_time: 0.0086  memory: 4981  loss: 0.8121  loss_cls: 0.2553  loss_bbox: 0.4799  loss_dir: 0.0768
2026/03/12 09:47:48 - mmengine - INFO - Epoch(train)  [1][2040/7312]  lr: 1.0000e-03  eta: 1 day, 14:11:46  time: 0.3841  data_time: 0.0085  memory: 5099  loss: 0.8218  loss_cls: 0.2537  loss_bbox: 0.4859  loss_dir: 0.0823
2026/03/12 09:47:52 - mmengine - INFO - Epoch(train)  [1][2050/7312]  lr: 1.0000e-03  eta: 1 day, 14:11:39  time: 0.3763  data_time: 0.0086  memory: 4980  loss: 0.8834  loss_cls: 0.2674  loss_bbox: 0.5382  loss_dir: 0.0779
2026/03/12 09:47:56 - mmengine - INFO - Epoch(train)  [1][2060/7312]  lr: 1.0000e-03  eta: 1 day, 14:11:52  time: 0.3876  data_time: 0.0085  memory: 5106  loss: 0.7717  loss_cls: 0.2283  loss_bbox: 0.4639  loss_dir: 0.0795
2026/03/12 09:48:00 - mmengine - INFO - Epoch(train)  [1][2070/7312]  lr: 1.0000e-03  eta: 1 day, 14:11:50  time: 0.3793  data_time: 0.0085  memory: 4981  loss: 0.7966  loss_cls: 0.2502  loss_bbox: 0.4674  loss_dir: 0.0790
2026/03/12 09:48:04 - mmengine - INFO - Epoch(train)  [1][2080/7312]  lr: 1.0000e-03  eta: 1 day, 14:11:42  time: 0.3756  data_time: 0.0084  memory: 5102  loss: 0.7687  loss_cls: 0.2442  loss_bbox: 0.4442  loss_dir: 0.0803
2026/03/12 09:48:07 - mmengine - INFO - Epoch(train)  [1][2090/7312]  lr: 1.0000e-03  eta: 1 day, 14:11:32  time: 0.3748  data_time: 0.0086  memory: 5010  loss: 0.8543  loss_cls: 0.2616  loss_bbox: 0.5127  loss_dir: 0.0800
2026/03/12 09:48:11 - mmengine - INFO - Epoch(train)  [1][2100/7312]  lr: 1.0000e-03  eta: 1 day, 14:11:26  time: 0.3774  data_time: 0.0086  memory: 5077  loss: 0.8224  loss_cls: 0.2610  loss_bbox: 0.4780  loss_dir: 0.0834
2026/03/12 09:48:15 - mmengine - INFO - Epoch(train)  [1][2110/7312]  lr: 1.0000e-03  eta: 1 day, 14:11:13  time: 0.3726  data_time: 0.0086  memory: 5090  loss: 0.7901  loss_cls: 0.2420  loss_bbox: 0.4674  loss_dir: 0.0808
2026/03/12 09:48:19 - mmengine - INFO - Epoch(train)  [1][2120/7312]  lr: 1.0000e-03  eta: 1 day, 14:11:05  time: 0.3760  data_time: 0.0085  memory: 4997  loss: 0.7418  loss_cls: 0.2389  loss_bbox: 0.4316  loss_dir: 0.0713
2026/03/12 09:48:22 - mmengine - INFO - Epoch(train)  [1][2130/7312]  lr: 1.0000e-03  eta: 1 day, 14:10:59  time: 0.3767  data_time: 0.0086  memory: 5062  loss: 0.7947  loss_cls: 0.2503  loss_bbox: 0.4659  loss_dir: 0.0785
2026/03/12 09:48:26 - mmengine - INFO - Epoch(train)  [1][2140/7312]  lr: 1.0000e-03  eta: 1 day, 14:11:03  time: 0.3828  data_time: 0.0081  memory: 5095  loss: 0.7756  loss_cls: 0.2526  loss_bbox: 0.4468  loss_dir: 0.0762
2026/03/12 09:48:30 - mmengine - INFO - Epoch(train)  [1][2150/7312]  lr: 1.0000e-03  eta: 1 day, 14:10:50  time: 0.3727  data_time: 0.0076  memory: 5020  loss: 0.7660  loss_cls: 0.2505  loss_bbox: 0.4426  loss_dir: 0.0729
2026/03/12 09:48:34 - mmengine - INFO - Epoch(train)  [1][2160/7312]  lr: 1.0000e-03  eta: 1 day, 14:10:51  time: 0.3807  data_time: 0.0084  memory: 5053  loss: 0.7822  loss_cls: 0.2376  loss_bbox: 0.4675  loss_dir: 0.0771
2026/03/12 09:48:38 - mmengine - INFO - Epoch(train)  [1][2170/7312]  lr: 1.0000e-03  eta: 1 day, 14:10:47  time: 0.3782  data_time: 0.0084  memory: 5119  loss: 0.8093  loss_cls: 0.2457  loss_bbox: 0.4853  loss_dir: 0.0783
2026/03/12 09:48:41 - mmengine - INFO - Epoch(train)  [1][2180/7312]  lr: 1.0000e-03  eta: 1 day, 14:10:38  time: 0.3748  data_time: 0.0085  memory: 5128  loss: 0.7662  loss_cls: 0.2385  loss_bbox: 0.4502  loss_dir: 0.0775
2026/03/12 09:48:45 - mmengine - INFO - Epoch(train)  [1][2190/7312]  lr: 1.0000e-03  eta: 1 day, 14:10:25  time: 0.3729  data_time: 0.0083  memory: 5108  loss: 0.8201  loss_cls: 0.2635  loss_bbox: 0.4772  loss_dir: 0.0794
2026/03/12 09:48:49 - mmengine - INFO - Epoch(train)  [1][2200/7312]  lr: 1.0000e-03  eta: 1 day, 14:10:18  time: 0.3761  data_time: 0.0082  memory: 5057  loss: 0.7979  loss_cls: 0.2660  loss_bbox: 0.4604  loss_dir: 0.0716
2026/03/12 09:48:53 - mmengine - INFO - Epoch(train)  [1][2210/7312]  lr: 1.0000e-03  eta: 1 day, 14:10:13  time: 0.3778  data_time: 0.0086  memory: 5075  loss: 0.8003  loss_cls: 0.2508  loss_bbox: 0.4715  loss_dir: 0.0780
2026/03/12 09:48:56 - mmengine - INFO - Epoch(train)  [1][2220/7312]  lr: 1.0000e-03  eta: 1 day, 14:10:04  time: 0.3748  data_time: 0.0085  memory: 5093  loss: 0.8245  loss_cls: 0.2531  loss_bbox: 0.4881  loss_dir: 0.0832
2026/03/12 09:49:00 - mmengine - INFO - Epoch(train)  [1][2230/7312]  lr: 1.0000e-03  eta: 1 day, 14:10:12  time: 0.3850  data_time: 0.0087  memory: 4981  loss: 0.7434  loss_cls: 0.2430  loss_bbox: 0.4278  loss_dir: 0.0726
2026/03/12 09:49:04 - mmengine - INFO - Epoch(train)  [1][2240/7312]  lr: 1.0000e-03  eta: 1 day, 14:09:57  time: 0.3714  data_time: 0.0085  memory: 5015  loss: 0.7235  loss_cls: 0.2156  loss_bbox: 0.4364  loss_dir: 0.0715
2026/03/12 09:49:08 - mmengine - INFO - Epoch(train)  [1][2250/7312]  lr: 1.0000e-03  eta: 1 day, 14:09:55  time: 0.3795  data_time: 0.0086  memory: 4981  loss: 0.7804  loss_cls: 0.2461  loss_bbox: 0.4592  loss_dir: 0.0752
2026/03/12 09:49:11 - mmengine - INFO - Epoch(train)  [1][2260/7312]  lr: 1.0000e-03  eta: 1 day, 14:09:37  time: 0.3692  data_time: 0.0090  memory: 4992  loss: 0.7834  loss_cls: 0.2447  loss_bbox: 0.4628  loss_dir: 0.0760
2026/03/12 09:49:15 - mmengine - INFO - Epoch(train)  [1][2270/7312]  lr: 1.0000e-03  eta: 1 day, 14:09:26  time: 0.3733  data_time: 0.0092  memory: 5012  loss: 0.7841  loss_cls: 0.2406  loss_bbox: 0.4665  loss_dir: 0.0770
2026/03/12 09:49:19 - mmengine - INFO - Epoch(train)  [1][2280/7312]  lr: 1.0000e-03  eta: 1 day, 14:09:20  time: 0.3768  data_time: 0.0087  memory: 4985  loss: 0.7969  loss_cls: 0.2552  loss_bbox: 0.4656  loss_dir: 0.0762
2026/03/12 09:49:23 - mmengine - INFO - Epoch(train)  [1][2290/7312]  lr: 1.0000e-03  eta: 1 day, 14:09:13  time: 0.3763  data_time: 0.0086  memory: 4980  loss: 0.7925  loss_cls: 0.2555  loss_bbox: 0.4585  loss_dir: 0.0785
2026/03/12 09:49:27 - mmengine - INFO - Epoch(train)  [1][2300/7312]  lr: 1.0000e-03  eta: 1 day, 14:09:15  time: 0.3817  data_time: 0.0086  memory: 5018  loss: 0.7642  loss_cls: 0.2342  loss_bbox: 0.4514  loss_dir: 0.0786
2026/03/12 09:49:30 - mmengine - INFO - Epoch(train)  [1][2310/7312]  lr: 1.0000e-03  eta: 1 day, 14:09:08  time: 0.3759  data_time: 0.0085  memory: 5037  loss: 0.7033  loss_cls: 0.2199  loss_bbox: 0.4134  loss_dir: 0.0700
2026/03/12 09:49:34 - mmengine - INFO - Epoch(train)  [1][2320/7312]  lr: 1.0000e-03  eta: 1 day, 14:09:02  time: 0.3765  data_time: 0.0086  memory: 5050  loss: 0.7988  loss_cls: 0.2501  loss_bbox: 0.4678  loss_dir: 0.0810
2026/03/12 09:49:38 - mmengine - INFO - Epoch(train)  [1][2330/7312]  lr: 1.0000e-03  eta: 1 day, 14:08:47  time: 0.3706  data_time: 0.0085  memory: 4985  loss: 0.7505  loss_cls: 0.2358  loss_bbox: 0.4423  loss_dir: 0.0723
2026/03/12 09:49:41 - mmengine - INFO - Epoch(train)  [1][2340/7312]  lr: 1.0000e-03  eta: 1 day, 14:08:39  time: 0.3754  data_time: 0.0084  memory: 5051  loss: 0.7612  loss_cls: 0.2399  loss_bbox: 0.4425  loss_dir: 0.0787
2026/03/12 09:49:45 - mmengine - INFO - Epoch(train)  [1][2350/7312]  lr: 1.0000e-03  eta: 1 day, 14:08:44  time: 0.3842  data_time: 0.0085  memory: 5094  loss: 0.7659  loss_cls: 0.2346  loss_bbox: 0.4572  loss_dir: 0.0741
2026/03/12 09:49:49 - mmengine - INFO - Epoch(train)  [1][2360/7312]  lr: 1.0000e-03  eta: 1 day, 14:08:29  time: 0.3703  data_time: 0.0085  memory: 4981  loss: 0.7425  loss_cls: 0.2423  loss_bbox: 0.4277  loss_dir: 0.0725
2026/03/12 09:49:53 - mmengine - INFO - Epoch(train)  [1][2370/7312]  lr: 1.0000e-03  eta: 1 day, 14:08:18  time: 0.3737  data_time: 0.0085  memory: 4987  loss: 0.7923  loss_cls: 0.2493  loss_bbox: 0.4640  loss_dir: 0.0790
2026/03/12 09:49:57 - mmengine - INFO - Epoch(train)  [1][2380/7312]  lr: 1.0000e-03  eta: 1 day, 14:08:11  time: 0.3758  data_time: 0.0086  memory: 5095  loss: 0.8039  loss_cls: 0.2576  loss_bbox: 0.4668  loss_dir: 0.0796
2026/03/12 09:50:00 - mmengine - INFO - Epoch(train)  [1][2390/7312]  lr: 1.0000e-03  eta: 1 day, 14:08:07  time: 0.3777  data_time: 0.0087  memory: 4981  loss: 0.8208  loss_cls: 0.2519  loss_bbox: 0.4902  loss_dir: 0.0787
2026/03/12 09:50:04 - mmengine - INFO - Epoch(train)  [1][2400/7312]  lr: 1.0000e-03  eta: 1 day, 14:08:09  time: 0.3820  data_time: 0.0087  memory: 5017  loss: 0.8012  loss_cls: 0.2648  loss_bbox: 0.4616  loss_dir: 0.0747
2026/03/12 09:50:08 - mmengine - INFO - Epoch(train)  [1][2410/7312]  lr: 1.0000e-03  eta: 1 day, 14:08:08  time: 0.3797  data_time: 0.0088  memory: 4981  loss: 0.8037  loss_cls: 0.2595  loss_bbox: 0.4697  loss_dir: 0.0745
2026/03/12 09:50:12 - mmengine - INFO - Epoch(train)  [1][2420/7312]  lr: 1.0000e-03  eta: 1 day, 14:08:06  time: 0.3790  data_time: 0.0086  memory: 4981  loss: 0.7382  loss_cls: 0.2432  loss_bbox: 0.4240  loss_dir: 0.0710
2026/03/12 09:50:15 - mmengine - INFO - Epoch(train)  [1][2430/7312]  lr: 1.0000e-03  eta: 1 day, 14:07:45  time: 0.3666  data_time: 0.0086  memory: 5077  loss: 0.7421  loss_cls: 0.2405  loss_bbox: 0.4240  loss_dir: 0.0776
2026/03/12 09:50:19 - mmengine - INFO - Epoch(train)  [1][2440/7312]  lr: 1.0000e-03  eta: 1 day, 14:07:43  time: 0.3789  data_time: 0.0087  memory: 5021  loss: 0.7507  loss_cls: 0.2390  loss_bbox: 0.4412  loss_dir: 0.0705
2026/03/12 09:50:23 - mmengine - INFO - Epoch(train)  [1][2450/7312]  lr: 1.0000e-03  eta: 1 day, 14:07:41  time: 0.3796  data_time: 0.0086  memory: 4981  loss: 0.7408  loss_cls: 0.2428  loss_bbox: 0.4266  loss_dir: 0.0714
2026/03/12 09:50:27 - mmengine - INFO - Epoch(train)  [1][2460/7312]  lr: 1.0000e-03  eta: 1 day, 14:07:16  time: 0.3633  data_time: 0.0086  memory: 4980  loss: 0.8091  loss_cls: 0.2681  loss_bbox: 0.4649  loss_dir: 0.0761
2026/03/12 09:50:30 - mmengine - INFO - Epoch(train)  [1][2470/7312]  lr: 1.0000e-03  eta: 1 day, 14:07:24  time: 0.3863  data_time: 0.0085  memory: 5059  loss: 0.7582  loss_cls: 0.2470  loss_bbox: 0.4402  loss_dir: 0.0710
2026/03/12 09:50:34 - mmengine - INFO - Epoch(train)  [1][2480/7312]  lr: 1.0000e-03  eta: 1 day, 14:07:09  time: 0.3699  data_time: 0.0093  memory: 4980  loss: 0.7497  loss_cls: 0.2464  loss_bbox: 0.4302  loss_dir: 0.0731
2026/03/12 09:50:38 - mmengine - INFO - Epoch(train)  [1][2490/7312]  lr: 1.0000e-03  eta: 1 day, 14:07:08  time: 0.3799  data_time: 0.0096  memory: 4980  loss: 0.7438  loss_cls: 0.2391  loss_bbox: 0.4306  loss_dir: 0.0741
2026/03/12 09:50:42 - mmengine - INFO - Epoch(train)  [1][2500/7312]  lr: 1.0000e-03  eta: 1 day, 14:07:09  time: 0.3815  data_time: 0.0089  memory: 5174  loss: 0.7539  loss_cls: 0.2380  loss_bbox: 0.4377  loss_dir: 0.0783
2026/03/12 09:50:46 - mmengine - INFO - Epoch(train)  [1][2510/7312]  lr: 1.0000e-03  eta: 1 day, 14:07:00  time: 0.3744  data_time: 0.0086  memory: 4981  loss: 0.7829  loss_cls: 0.2538  loss_bbox: 0.4529  loss_dir: 0.0762
2026/03/12 09:50:49 - mmengine - INFO - Epoch(train)  [1][2520/7312]  lr: 1.0000e-03  eta: 1 day, 14:07:09  time: 0.3866  data_time: 0.0087  memory: 5122  loss: 0.7881  loss_cls: 0.2403  loss_bbox: 0.4680  loss_dir: 0.0798
2026/03/12 09:50:53 - mmengine - INFO - Epoch(train)  [1][2530/7312]  lr: 1.0000e-03  eta: 1 day, 14:07:18  time: 0.3868  data_time: 0.0083  memory: 5054  loss: 0.7791  loss_cls: 0.2549  loss_bbox: 0.4510  loss_dir: 0.0732
2026/03/12 09:50:57 - mmengine - INFO - Epoch(train)  [1][2540/7312]  lr: 1.0000e-03  eta: 1 day, 14:07:09  time: 0.3742  data_time: 0.0085  memory: 5000  loss: 0.7778  loss_cls: 0.2477  loss_bbox: 0.4579  loss_dir: 0.0722
2026/03/12 09:51:01 - mmengine - INFO - Epoch(train)  [1][2550/7312]  lr: 1.0000e-03  eta: 1 day, 14:07:07  time: 0.3791  data_time: 0.0086  memory: 5052  loss: 0.7732  loss_cls: 0.2420  loss_bbox: 0.4597  loss_dir: 0.0716
2026/03/12 09:51:05 - mmengine - INFO - Epoch(train)  [1][2560/7312]  lr: 1.0000e-03  eta: 1 day, 14:07:12  time: 0.3843  data_time: 0.0086  memory: 5105  loss: 0.8008  loss_cls: 0.2505  loss_bbox: 0.4739  loss_dir: 0.0763
2026/03/12 09:51:08 - mmengine - INFO - Epoch(train)  [1][2570/7312]  lr: 1.0000e-03  eta: 1 day, 14:07:20  time: 0.3863  data_time: 0.0087  memory: 4982  loss: 0.7795  loss_cls: 0.2483  loss_bbox: 0.4535  loss_dir: 0.0778
2026/03/12 09:51:12 - mmengine - INFO - Epoch(train)  [1][2580/7312]  lr: 1.0000e-03  eta: 1 day, 14:07:17  time: 0.3790  data_time: 0.0086  memory: 5043  loss: 0.7713  loss_cls: 0.2422  loss_bbox: 0.4523  loss_dir: 0.0767
2026/03/12 09:51:16 - mmengine - INFO - Epoch(train)  [1][2590/7312]  lr: 1.0000e-03  eta: 1 day, 14:07:05  time: 0.3720  data_time: 0.0084  memory: 4980  loss: 0.7403  loss_cls: 0.2328  loss_bbox: 0.4365  loss_dir: 0.0711
2026/03/12 09:51:20 - mmengine - INFO - Epoch(train)  [1][2600/7312]  lr: 1.0000e-03  eta: 1 day, 14:07:02  time: 0.3788  data_time: 0.0085  memory: 5047  loss: 0.7564  loss_cls: 0.2334  loss_bbox: 0.4465  loss_dir: 0.0765
2026/03/12 09:51:24 - mmengine - INFO - Epoch(train)  [1][2610/7312]  lr: 1.0000e-03  eta: 1 day, 14:07:01  time: 0.3797  data_time: 0.0086  memory: 5004  loss: 0.7413  loss_cls: 0.2445  loss_bbox: 0.4246  loss_dir: 0.0722
2026/03/12 09:51:27 - mmengine - INFO - Epoch(train)  [1][2620/7312]  lr: 1.0000e-03  eta: 1 day, 14:06:52  time: 0.3746  data_time: 0.0082  memory: 4991  loss: 0.7436  loss_cls: 0.2309  loss_bbox: 0.4383  loss_dir: 0.0744
2026/03/12 09:51:31 - mmengine - INFO - Epoch(train)  [1][2630/7312]  lr: 1.0000e-03  eta: 1 day, 14:06:51  time: 0.3800  data_time: 0.0086  memory: 5130  loss: 0.7867  loss_cls: 0.2436  loss_bbox: 0.4666  loss_dir: 0.0764
2026/03/12 09:51:35 - mmengine - INFO - Epoch(train)  [1][2640/7312]  lr: 1.0000e-03  eta: 1 day, 14:06:49  time: 0.3790  data_time: 0.0087  memory: 5074  loss: 0.7736  loss_cls: 0.2391  loss_bbox: 0.4587  loss_dir: 0.0758
2026/03/12 09:51:39 - mmengine - INFO - Epoch(train)  [1][2650/7312]  lr: 1.0000e-03  eta: 1 day, 14:06:41  time: 0.3753  data_time: 0.0087  memory: 4993  loss: 0.7633  loss_cls: 0.2383  loss_bbox: 0.4528  loss_dir: 0.0722
2026/03/12 09:51:43 - mmengine - INFO - Epoch(train)  [1][2660/7312]  lr: 1.0000e-03  eta: 1 day, 14:06:44  time: 0.3831  data_time: 0.0088  memory: 5004  loss: 0.7836  loss_cls: 0.2488  loss_bbox: 0.4640  loss_dir: 0.0708
2026/03/12 09:51:46 - mmengine - INFO - Epoch(train)  [1][2670/7312]  lr: 1.0000e-03  eta: 1 day, 14:06:29  time: 0.3697  data_time: 0.0081  memory: 4981  loss: 0.7824  loss_cls: 0.2497  loss_bbox: 0.4571  loss_dir: 0.0756
2026/03/12 09:51:50 - mmengine - INFO - Epoch(train)  [1][2680/7312]  lr: 1.0000e-03  eta: 1 day, 14:06:26  time: 0.3785  data_time: 0.0086  memory: 4980  loss: 0.7866  loss_cls: 0.2426  loss_bbox: 0.4673  loss_dir: 0.0766
2026/03/12 09:51:54 - mmengine - INFO - Epoch(train)  [1][2690/7312]  lr: 1.0000e-03  eta: 1 day, 14:06:31  time: 0.3847  data_time: 0.0083  memory: 5091  loss: 0.8169  loss_cls: 0.2549  loss_bbox: 0.4814  loss_dir: 0.0806
2026/03/12 09:51:58 - mmengine - INFO - Epoch(train)  [1][2700/7312]  lr: 1.0000e-03  eta: 1 day, 14:06:31  time: 0.3804  data_time: 0.0086  memory: 4981  loss: 0.7941  loss_cls: 0.2573  loss_bbox: 0.4620  loss_dir: 0.0749
2026/03/12 09:52:01 - mmengine - INFO - Epoch(train)  [1][2710/7312]  lr: 1.0000e-03  eta: 1 day, 14:06:22  time: 0.3739  data_time: 0.0086  memory: 5009  loss: 0.7462  loss_cls: 0.2258  loss_bbox: 0.4513  loss_dir: 0.0691
2026/03/12 09:52:05 - mmengine - INFO - Epoch(train)  [1][2720/7312]  lr: 1.0000e-03  eta: 1 day, 14:06:13  time: 0.3743  data_time: 0.0086  memory: 5105  loss: 0.7469  loss_cls: 0.2318  loss_bbox: 0.4408  loss_dir: 0.0743
2026/03/12 09:52:09 - mmengine - INFO - Epoch(train)  [1][2730/7312]  lr: 1.0000e-03  eta: 1 day, 14:06:06  time: 0.3759  data_time: 0.0086  memory: 5058  loss: 0.7668  loss_cls: 0.2546  loss_bbox: 0.4412  loss_dir: 0.0710
2026/03/12 09:52:13 - mmengine - INFO - Epoch(train)  [1][2740/7312]  lr: 1.0000e-03  eta: 1 day, 14:06:09  time: 0.3828  data_time: 0.0084  memory: 5059  loss: 0.7489  loss_cls: 0.2420  loss_bbox: 0.4316  loss_dir: 0.0753
2026/03/12 09:52:16 - mmengine - INFO - Epoch(train)  [1][2750/7312]  lr: 1.0000e-03  eta: 1 day, 14:06:01  time: 0.3748  data_time: 0.0085  memory: 5101  loss: 0.7806  loss_cls: 0.2540  loss_bbox: 0.4517  loss_dir: 0.0749
2026/03/12 09:52:20 - mmengine - INFO - Epoch(train)  [1][2760/7312]  lr: 1.0000e-03  eta: 1 day, 14:05:58  time: 0.3785  data_time: 0.0085  memory: 5151  loss: 0.7679  loss_cls: 0.2429  loss_bbox: 0.4488  loss_dir: 0.0762
2026/03/12 09:52:24 - mmengine - INFO - Epoch(train)  [1][2770/7312]  lr: 1.0000e-03  eta: 1 day, 14:05:57  time: 0.3803  data_time: 0.0084  memory: 4981  loss: 0.7733  loss_cls: 0.2298  loss_bbox: 0.4687  loss_dir: 0.0748
2026/03/12 09:52:28 - mmengine - INFO - Epoch(train)  [1][2780/7312]  lr: 1.0000e-03  eta: 1 day, 14:05:49  time: 0.3748  data_time: 0.0086  memory: 4981  loss: 0.7809  loss_cls: 0.2375  loss_bbox: 0.4703  loss_dir: 0.0731
2026/03/12 09:52:32 - mmengine - INFO - Epoch(train)  [1][2790/7312]  lr: 1.0000e-03  eta: 1 day, 14:05:40  time: 0.3743  data_time: 0.0086  memory: 4980  loss: 0.7585  loss_cls: 0.2391  loss_bbox: 0.4426  loss_dir: 0.0768
2026/03/12 09:52:35 - mmengine - INFO - Epoch(train)  [1][2800/7312]  lr: 1.0000e-03  eta: 1 day, 14:05:32  time: 0.3746  data_time: 0.0086  memory: 5003  loss: 0.8016  loss_cls: 0.2554  loss_bbox: 0.4762  loss_dir: 0.0700
2026/03/12 09:52:39 - mmengine - INFO - Epoch(train)  [1][2810/7312]  lr: 1.0000e-03  eta: 1 day, 14:05:20  time: 0.3719  data_time: 0.0086  memory: 4980  loss: 0.7514  loss_cls: 0.2422  loss_bbox: 0.4403  loss_dir: 0.0689
2026/03/12 09:52:43 - mmengine - INFO - Epoch(train)  [1][2820/7312]  lr: 1.0000e-03  eta: 1 day, 14:05:27  time: 0.3857  data_time: 0.0083  memory: 4980  loss: 0.7848  loss_cls: 0.2417  loss_bbox: 0.4712  loss_dir: 0.0720
2026/03/12 09:52:47 - mmengine - INFO - Epoch(train)  [1][2830/7312]  lr: 1.0000e-03  eta: 1 day, 14:05:21  time: 0.3768  data_time: 0.0084  memory: 5037  loss: 0.7429  loss_cls: 0.2354  loss_bbox: 0.4317  loss_dir: 0.0757
2026/03/12 09:52:50 - mmengine - INFO - Epoch(train)  [1][2840/7312]  lr: 1.0000e-03  eta: 1 day, 14:05:17  time: 0.3772  data_time: 0.0086  memory: 4980  loss: 0.6815  loss_cls: 0.2155  loss_bbox: 0.3991  loss_dir: 0.0668
2026/03/12 09:52:54 - mmengine - INFO - Epoch(train)  [1][2850/7312]  lr: 1.0000e-03  eta: 1 day, 14:05:09  time: 0.3747  data_time: 0.0085  memory: 4981  loss: 0.7690  loss_cls: 0.2372  loss_bbox: 0.4597  loss_dir: 0.0720
2026/03/12 09:52:58 - mmengine - INFO - Epoch(train)  [1][2860/7312]  lr: 1.0000e-03  eta: 1 day, 14:04:56  time: 0.3713  data_time: 0.0084  memory: 4980  loss: 0.7500  loss_cls: 0.2486  loss_bbox: 0.4299  loss_dir: 0.0715
2026/03/12 09:53:02 - mmengine - INFO - Epoch(train)  [1][2870/7312]  lr: 1.0000e-03  eta: 1 day, 14:05:03  time: 0.3862  data_time: 0.0085  memory: 4983  loss: 0.7481  loss_cls: 0.2348  loss_bbox: 0.4396  loss_dir: 0.0736
2026/03/12 09:53:06 - mmengine - INFO - Epoch(train)  [1][2880/7312]  lr: 1.0000e-03  eta: 1 day, 14:05:03  time: 0.3809  data_time: 0.0085  memory: 5029  loss: 0.8037  loss_cls: 0.2402  loss_bbox: 0.4850  loss_dir: 0.0786
2026/03/12 09:53:09 - mmengine - INFO - Epoch(train)  [1][2890/7312]  lr: 1.0000e-03  eta: 1 day, 14:04:55  time: 0.3744  data_time: 0.0085  memory: 5050  loss: 0.7089  loss_cls: 0.2332  loss_bbox: 0.4059  loss_dir: 0.0699
2026/03/12 09:53:13 - mmengine - INFO - Epoch(train)  [1][2900/7312]  lr: 1.0000e-03  eta: 1 day, 14:04:51  time: 0.3778  data_time: 0.0085  memory: 4981  loss: 0.7891  loss_cls: 0.2504  loss_bbox: 0.4606  loss_dir: 0.0781
2026/03/12 09:53:17 - mmengine - INFO - Epoch(train)  [1][2910/7312]  lr: 1.0000e-03  eta: 1 day, 14:04:47  time: 0.3777  data_time: 0.0085  memory: 5108  loss: 0.7913  loss_cls: 0.2519  loss_bbox: 0.4657  loss_dir: 0.0737
2026/03/12 09:53:21 - mmengine - INFO - Epoch(train)  [1][2920/7312]  lr: 1.0000e-03  eta: 1 day, 14:04:47  time: 0.3815  data_time: 0.0085  memory: 4989  loss: 0.8094  loss_cls: 0.2604  loss_bbox: 0.4734  loss_dir: 0.0755
2026/03/12 09:53:24 - mmengine - INFO - Epoch(train)  [1][2930/7312]  lr: 1.0000e-03  eta: 1 day, 14:04:36  time: 0.3721  data_time: 0.0085  memory: 5032  loss: 0.7635  loss_cls: 0.2332  loss_bbox: 0.4525  loss_dir: 0.0778
2026/03/12 09:53:28 - mmengine - INFO - Epoch(train)  [1][2940/7312]  lr: 1.0000e-03  eta: 1 day, 14:04:32  time: 0.3779  data_time: 0.0084  memory: 5020  loss: 0.7697  loss_cls: 0.2349  loss_bbox: 0.4611  loss_dir: 0.0737
2026/03/12 09:53:32 - mmengine - INFO - Epoch(train)  [1][2950/7312]  lr: 1.0000e-03  eta: 1 day, 14:04:21  time: 0.3720  data_time: 0.0085  memory: 4980  loss: 0.7584  loss_cls: 0.2492  loss_bbox: 0.4378  loss_dir: 0.0714
2026/03/12 09:53:36 - mmengine - INFO - Epoch(train)  [1][2960/7312]  lr: 1.0000e-03  eta: 1 day, 14:04:14  time: 0.3752  data_time: 0.0085  memory: 4981  loss: 0.8007  loss_cls: 0.2492  loss_bbox: 0.4734  loss_dir: 0.0781
2026/03/12 09:53:39 - mmengine - INFO - Epoch(train)  [1][2970/7312]  lr: 1.0000e-03  eta: 1 day, 14:04:03  time: 0.3719  data_time: 0.0085  memory: 4980  loss: 0.7354  loss_cls: 0.2510  loss_bbox: 0.4154  loss_dir: 0.0690
2026/03/12 09:53:43 - mmengine - INFO - Epoch(train)  [1][2980/7312]  lr: 1.0000e-03  eta: 1 day, 14:04:07  time: 0.3844  data_time: 0.0084  memory: 5095  loss: 0.7891  loss_cls: 0.2421  loss_bbox: 0.4739  loss_dir: 0.0731
2026/03/12 09:53:47 - mmengine - INFO - Epoch(train)  [1][2990/7312]  lr: 1.0000e-03  eta: 1 day, 14:04:02  time: 0.3766  data_time: 0.0085  memory: 5023  loss: 0.7314  loss_cls: 0.2380  loss_bbox: 0.4247  loss_dir: 0.0687
2026/03/12 09:53:51 - mmengine - INFO - Exp name: cbam_ensemble_vlm_film_10_conditions_20260312_093320
2026/03/12 09:53:51 - mmengine - INFO - Epoch(train)  [1][3000/7312]  lr: 1.0000e-03  eta: 1 day, 14:03:52  time: 0.3727  data_time: 0.0086  memory: 4980  loss: 0.7727  loss_cls: 0.2448  loss_bbox: 0.4566  loss_dir: 0.0712
2026/03/12 09:53:54 - mmengine - INFO - Epoch(train)  [1][3010/7312]  lr: 1.0000e-03  eta: 1 day, 14:03:42  time: 0.3730  data_time: 0.0084  memory: 4981  loss: 0.7475  loss_cls: 0.2316  loss_bbox: 0.4466  loss_dir: 0.0693
2026/03/12 09:53:58 - mmengine - INFO - Epoch(train)  [1][3020/7312]  lr: 1.0000e-03  eta: 1 day, 14:03:32  time: 0.3724  data_time: 0.0085  memory: 5052  loss: 0.7804  loss_cls: 0.2378  loss_bbox: 0.4662  loss_dir: 0.0765
2026/03/12 09:54:02 - mmengine - INFO - Epoch(train)  [1][3030/7312]  lr: 1.0000e-03  eta: 1 day, 14:03:29  time: 0.3789  data_time: 0.0085  memory: 4996  loss: 0.7642  loss_cls: 0.2303  loss_bbox: 0.4600  loss_dir: 0.0739
2026/03/12 09:54:06 - mmengine - INFO - Epoch(train)  [1][3040/7312]  lr: 1.0000e-03  eta: 1 day, 14:03:18  time: 0.3716  data_time: 0.0085  memory: 5114  loss: 0.8225  loss_cls: 0.2585  loss_bbox: 0.4830  loss_dir: 0.0810
2026/03/12 09:54:09 - mmengine - INFO - Epoch(train)  [1][3050/7312]  lr: 1.0000e-03  eta: 1 day, 14:03:06  time: 0.3713  data_time: 0.0084  memory: 4980  loss: 0.7529  loss_cls: 0.2414  loss_bbox: 0.4417  loss_dir: 0.0698
2026/03/12 09:54:13 - mmengine - INFO - Epoch(train)  [1][3060/7312]  lr: 1.0000e-03  eta: 1 day, 14:03:08  time: 0.3827  data_time: 0.0084  memory: 5008  loss: 0.7504  loss_cls: 0.2341  loss_bbox: 0.4424  loss_dir: 0.0739
2026/03/12 09:54:17 - mmengine - INFO - Epoch(train)  [1][3070/7312]  lr: 1.0000e-03  eta: 1 day, 14:03:03  time: 0.3765  data_time: 0.0085  memory: 5066  loss: 0.7927  loss_cls: 0.2463  loss_bbox: 0.4741  loss_dir: 0.0723
2026/03/12 09:54:21 - mmengine - INFO - Epoch(train)  [1][3080/7312]  lr: 1.0000e-03  eta: 1 day, 14:03:01  time: 0.3796  data_time: 0.0084  memory: 4984  loss: 0.7823  loss_cls: 0.2503  loss_bbox: 0.4592  loss_dir: 0.0729
2026/03/12 09:54:24 - mmengine - INFO - Epoch(train)  [1][3090/7312]  lr: 1.0000e-03  eta: 1 day, 14:02:54  time: 0.3751  data_time: 0.0085  memory: 4980  loss: 0.7766  loss_cls: 0.2458  loss_bbox: 0.4556  loss_dir: 0.0752
2026/03/12 09:54:28 - mmengine - INFO - Epoch(train)  [1][3100/7312]  lr: 1.0000e-03  eta: 1 day, 14:02:55  time: 0.3822  data_time: 0.0081  memory: 4981  loss: 0.7736  loss_cls: 0.2428  loss_bbox: 0.4564  loss_dir: 0.0744
2026/03/12 09:54:32 - mmengine - INFO - Epoch(train)  [1][3110/7312]  lr: 1.0000e-03  eta: 1 day, 14:02:52  time: 0.3787  data_time: 0.0085  memory: 4981  loss: 0.7367  loss_cls: 0.2255  loss_bbox: 0.4408  loss_dir: 0.0705
2026/03/12 09:54:36 - mmengine - INFO - Epoch(train)  [1][3120/7312]  lr: 1.0000e-03  eta: 1 day, 14:02:48  time: 0.3771  data_time: 0.0083  memory: 5020  loss: 0.7551  loss_cls: 0.2332  loss_bbox: 0.4500  loss_dir: 0.0719
2026/03/12 09:54:40 - mmengine - INFO - Epoch(train)  [1][3130/7312]  lr: 1.0000e-03  eta: 1 day, 14:02:43  time: 0.3774  data_time: 0.0085  memory: 5045  loss: 0.7398  loss_cls: 0.2300  loss_bbox: 0.4367  loss_dir: 0.0731
2026/03/12 09:54:43 - mmengine - INFO - Epoch(train)  [1][3140/7312]  lr: 1.0000e-03  eta: 1 day, 14:02:36  time: 0.3742  data_time: 0.0085  memory: 4981  loss: 0.7501  loss_cls: 0.2343  loss_bbox: 0.4417  loss_dir: 0.0742
2026/03/12 09:54:47 - mmengine - INFO - Epoch(train)  [1][3150/7312]  lr: 1.0000e-03  eta: 1 day, 14:02:26  time: 0.3731  data_time: 0.0084  memory: 4980  loss: 0.7092  loss_cls: 0.2304  loss_bbox: 0.4127  loss_dir: 0.0661
2026/03/12 09:54:51 - mmengine - INFO - Epoch(train)  [1][3160/7312]  lr: 1.0000e-03  eta: 1 day, 14:02:25  time: 0.3796  data_time: 0.0084  memory: 5067  loss: 0.7929  loss_cls: 0.2544  loss_bbox: 0.4611  loss_dir: 0.0775
2026/03/12 09:54:55 - mmengine - INFO - Epoch(train)  [1][3170/7312]  lr: 1.0000e-03  eta: 1 day, 14:02:17  time: 0.3747  data_time: 0.0084  memory: 4987  loss: 0.7250  loss_cls: 0.2320  loss_bbox: 0.4237  loss_dir: 0.0693
2026/03/12 09:54:58 - mmengine - INFO - Epoch(train)  [1][3180/7312]  lr: 1.0000e-03  eta: 1 day, 14:02:20  time: 0.3833  data_time: 0.0084  memory: 5017  loss: 0.7405  loss_cls: 0.2438  loss_bbox: 0.4255  loss_dir: 0.0712
2026/03/12 09:55:02 - mmengine - INFO - Epoch(train)  [1][3190/7312]  lr: 1.0000e-03  eta: 1 day, 14:02:25  time: 0.3856  data_time: 0.0084  memory: 4990  loss: 0.7557  loss_cls: 0.2348  loss_bbox: 0.4498  loss_dir: 0.0711
2026/03/12 09:55:06 - mmengine - INFO - Epoch(train)  [1][3200/7312]  lr: 1.0000e-03  eta: 1 day, 14:02:16  time: 0.3737  data_time: 0.0082  memory: 4982  loss: 0.7839  loss_cls: 0.2549  loss_bbox: 0.4539  loss_dir: 0.0751
2026/03/12 09:55:10 - mmengine - INFO - Epoch(train)  [1][3210/7312]  lr: 1.0000e-03  eta: 1 day, 14:02:13  time: 0.3787  data_time: 0.0085  memory: 5055  loss: 0.7861  loss_cls: 0.2435  loss_bbox: 0.4653  loss_dir: 0.0773
2026/03/12 09:55:14 - mmengine - INFO - Epoch(train)  [1][3220/7312]  lr: 1.0000e-03  eta: 1 day, 14:02:09  time: 0.3777  data_time: 0.0085  memory: 4987  loss: 0.7360  loss_cls: 0.2292  loss_bbox: 0.4347  loss_dir: 0.0721
2026/03/12 09:55:17 - mmengine - INFO - Epoch(train)  [1][3230/7312]  lr: 1.0000e-03  eta: 1 day, 14:02:06  time: 0.3786  data_time: 0.0086  memory: 4981  loss: 0.7359  loss_cls: 0.2330  loss_bbox: 0.4317  loss_dir: 0.0711
2026/03/12 09:55:21 - mmengine - INFO - Epoch(train)  [1][3240/7312]  lr: 1.0000e-03  eta: 1 day, 14:01:58  time: 0.3738  data_time: 0.0085  memory: 4980  loss: 0.7913  loss_cls: 0.2451  loss_bbox: 0.4711  loss_dir: 0.0751
2026/03/12 09:55:25 - mmengine - INFO - Epoch(train)  [1][3250/7312]  lr: 1.0000e-03  eta: 1 day, 14:01:48  time: 0.3720  data_time: 0.0084  memory: 5034  loss: 0.7891  loss_cls: 0.2454  loss_bbox: 0.4700  loss_dir: 0.0737
2026/03/12 09:55:29 - mmengine - INFO - Epoch(train)  [1][3260/7312]  lr: 1.0000e-03  eta: 1 day, 14:01:48  time: 0.3818  data_time: 0.0084  memory: 5145  loss: 0.7678  loss_cls: 0.2485  loss_bbox: 0.4492  loss_dir: 0.0701
2026/03/12 09:55:32 - mmengine - INFO - Epoch(train)  [1][3270/7312]  lr: 1.0000e-03  eta: 1 day, 14:01:37  time: 0.3714  data_time: 0.0084  memory: 4980  loss: 0.7690  loss_cls: 0.2349  loss_bbox: 0.4613  loss_dir: 0.0728
2026/03/12 09:55:36 - mmengine - INFO - Epoch(train)  [1][3280/7312]  lr: 1.0000e-03  eta: 1 day, 14:02:02  time: 0.4030  data_time: 0.0091  memory: 5048  loss: 0.7078  loss_cls: 0.2340  loss_bbox: 0.4065  loss_dir: 0.0673
2026/03/12 09:55:40 - mmengine - INFO - Epoch(train)  [1][3290/7312]  lr: 1.0000e-03  eta: 1 day, 14:01:58  time: 0.3778  data_time: 0.0084  memory: 5176  loss: 0.7368  loss_cls: 0.2367  loss_bbox: 0.4268  loss_dir: 0.0733
2026/03/12 09:55:44 - mmengine - INFO - Epoch(train)  [1][3300/7312]  lr: 1.0000e-03  eta: 1 day, 14:02:00  time: 0.3833  data_time: 0.0084  memory: 5008  loss: 0.7359  loss_cls: 0.2296  loss_bbox: 0.4363  loss_dir: 0.0700
2026/03/12 09:55:48 - mmengine - INFO - Epoch(train)  [1][3310/7312]  lr: 1.0000e-03  eta: 1 day, 14:01:50  time: 0.3727  data_time: 0.0086  memory: 4981  loss: 0.7628  loss_cls: 0.2393  loss_bbox: 0.4501  loss_dir: 0.0734
2026/03/12 09:55:52 - mmengine - INFO - Epoch(train)  [1][3320/7312]  lr: 1.0000e-03  eta: 1 day, 14:01:51  time: 0.3823  data_time: 0.0084  memory: 5021  loss: 0.7269  loss_cls: 0.2403  loss_bbox: 0.4177  loss_dir: 0.0689
2026/03/12 09:55:55 - mmengine - INFO - Epoch(train)  [1][3330/7312]  lr: 1.0000e-03  eta: 1 day, 14:01:54  time: 0.3842  data_time: 0.0085  memory: 4993  loss: 0.7798  loss_cls: 0.2568  loss_bbox: 0.4484  loss_dir: 0.0747
2026/03/12 09:55:59 - mmengine - INFO - Epoch(train)  [1][3340/7312]  lr: 1.0000e-03  eta: 1 day, 14:01:51  time: 0.3782  data_time: 0.0085  memory: 5063  loss: 0.7507  loss_cls: 0.2373  loss_bbox: 0.4418  loss_dir: 0.0716
2026/03/12 09:56:03 - mmengine - INFO - Epoch(train)  [1][3350/7312]  lr: 1.0000e-03  eta: 1 day, 14:01:51  time: 0.3819  data_time: 0.0086  memory: 4981  loss: 0.7487  loss_cls: 0.2376  loss_bbox: 0.4382  loss_dir: 0.0729
2026/03/12 09:56:07 - mmengine - INFO - Epoch(train)  [1][3360/7312]  lr: 1.0000e-03  eta: 1 day, 14:01:49  time: 0.3797  data_time: 0.0085  memory: 4980  loss: 0.7615  loss_cls: 0.2434  loss_bbox: 0.4478  loss_dir: 0.0702
2026/03/12 09:56:11 - mmengine - INFO - Epoch(train)  [1][3370/7312]  lr: 1.0000e-03  eta: 1 day, 14:01:57  time: 0.3886  data_time: 0.0086  memory: 4981  loss: 0.7629  loss_cls: 0.2351  loss_bbox: 0.4549  loss_dir: 0.0728
2026/03/12 09:56:15 - mmengine - INFO - Epoch(train)  [1][3380/7312]  lr: 1.0000e-03  eta: 1 day, 14:01:53  time: 0.3778  data_time: 0.0081  memory: 5179  loss: 0.7456  loss_cls: 0.2345  loss_bbox: 0.4397  loss_dir: 0.0714
2026/03/12 09:56:18 - mmengine - INFO - Epoch(train)  [1][3390/7312]  lr: 1.0000e-03  eta: 1 day, 14:01:41  time: 0.3701  data_time: 0.0087  memory: 5020  loss: 0.7843  loss_cls: 0.2429  loss_bbox: 0.4687  loss_dir: 0.0727
2026/03/12 09:56:22 - mmengine - INFO - Epoch(train)  [1][3400/7312]  lr: 1.0000e-03  eta: 1 day, 14:01:43  time: 0.3834  data_time: 0.0086  memory: 4981  loss: 0.6701  loss_cls: 0.2041  loss_bbox: 0.3992  loss_dir: 0.0669
2026/03/12 09:56:26 - mmengine - INFO - Epoch(train)  [1][3410/7312]  lr: 1.0000e-03  eta: 1 day, 14:01:53  time: 0.3909  data_time: 0.0086  memory: 5103  loss: 0.7297  loss_cls: 0.2331  loss_bbox: 0.4302  loss_dir: 0.0664
2026/03/12 09:56:30 - mmengine - INFO - Epoch(train)  [1][3420/7312]  lr: 1.0000e-03  eta: 1 day, 14:01:42  time: 0.3715  data_time: 0.0086  memory: 4981  loss: 0.7359  loss_cls: 0.2377  loss_bbox: 0.4273  loss_dir: 0.0709
2026/03/12 09:56:33 - mmengine - INFO - Epoch(train)  [1][3430/7312]  lr: 1.0000e-03  eta: 1 day, 14:01:36  time: 0.3757  data_time: 0.0085  memory: 4981  loss: 0.7071  loss_cls: 0.2313  loss_bbox: 0.4115  loss_dir: 0.0643
2026/03/12 09:56:37 - mmengine - INFO - Epoch(train)  [1][3440/7312]  lr: 1.0000e-03  eta: 1 day, 14:01:30  time: 0.3754  data_time: 0.0087  memory: 4988  loss: 0.7685  loss_cls: 0.2424  loss_bbox: 0.4497  loss_dir: 0.0764
2026/03/12 09:56:41 - mmengine - INFO - Epoch(train)  [1][3450/7312]  lr: 1.0000e-03  eta: 1 day, 14:01:35  time: 0.3866  data_time: 0.0087  memory: 4989  loss: 0.7561  loss_cls: 0.2370  loss_bbox: 0.4456  loss_dir: 0.0736
2026/03/12 09:56:45 - mmengine - INFO - Epoch(train)  [1][3460/7312]  lr: 1.0000e-03  eta: 1 day, 14:01:30  time: 0.3769  data_time: 0.0086  memory: 5024  loss: 0.7314  loss_cls: 0.2409  loss_bbox: 0.4180  loss_dir: 0.0726
2026/03/12 09:56:49 - mmengine - INFO - Epoch(train)  [1][3470/7312]  lr: 1.0000e-03  eta: 1 day, 14:01:27  time: 0.3793  data_time: 0.0087  memory: 4980  loss: 0.7530  loss_cls: 0.2419  loss_bbox: 0.4414  loss_dir: 0.0697
2026/03/12 09:56:52 - mmengine - INFO - Epoch(train)  [1][3480/7312]  lr: 1.0000e-03  eta: 1 day, 14:01:30  time: 0.3842  data_time: 0.0087  memory: 4998  loss: 0.6997  loss_cls: 0.2304  loss_bbox: 0.3999  loss_dir: 0.0694
2026/03/12 09:56:56 - mmengine - INFO - Epoch(train)  [1][3490/7312]  lr: 1.0000e-03  eta: 1 day, 14:01:27  time: 0.3789  data_time: 0.0086  memory: 4994  loss: 0.7376  loss_cls: 0.2273  loss_bbox: 0.4370  loss_dir: 0.0733
2026/03/12 09:57:00 - mmengine - INFO - Epoch(train)  [1][3500/7312]  lr: 1.0000e-03  eta: 1 day, 14:01:23  time: 0.3779  data_time: 0.0086  memory: 4995  loss: 0.7357  loss_cls: 0.2377  loss_bbox: 0.4268  loss_dir: 0.0712
2026/03/12 09:57:04 - mmengine - INFO - Epoch(train)  [1][3510/7312]  lr: 1.0000e-03  eta: 1 day, 14:01:14  time: 0.3731  data_time: 0.0086  memory: 5037  loss: 0.7325  loss_cls: 0.2376  loss_bbox: 0.4210  loss_dir: 0.0739
2026/03/12 09:57:08 - mmengine - INFO - Epoch(train)  [1][3520/7312]  lr: 1.0000e-03  eta: 1 day, 14:01:08  time: 0.3754  data_time: 0.0085  memory: 4981  loss: 0.7399  loss_cls: 0.2280  loss_bbox: 0.4393  loss_dir: 0.0726
2026/03/12 09:57:11 - mmengine - INFO - Epoch(train)  [1][3530/7312]  lr: 1.0000e-03  eta: 1 day, 14:00:59  time: 0.3728  data_time: 0.0084  memory: 4980  loss: 0.7477  loss_cls: 0.2344  loss_bbox: 0.4403  loss_dir: 0.0730
2026/03/12 09:57:15 - mmengine - INFO - Epoch(train)  [1][3540/7312]  lr: 1.0000e-03  eta: 1 day, 14:01:02  time: 0.3845  data_time: 0.0086  memory: 5002  loss: 0.7939  loss_cls: 0.2523  loss_bbox: 0.4667  loss_dir: 0.0750
2026/03/12 09:57:19 - mmengine - INFO - Epoch(train)  [1][3550/7312]  lr: 1.0000e-03  eta: 1 day, 14:01:01  time: 0.3811  data_time: 0.0084  memory: 5033  loss: 0.7783  loss_cls: 0.2368  loss_bbox: 0.4657  loss_dir: 0.0758
2026/03/12 09:57:23 - mmengine - INFO - Epoch(train)  [1][3560/7312]  lr: 1.0000e-03  eta: 1 day, 14:00:55  time: 0.3764  data_time: 0.0085  memory: 4999  loss: 0.7202  loss_cls: 0.2310  loss_bbox: 0.4189  loss_dir: 0.0703
2026/03/12 09:57:27 - mmengine - INFO - Epoch(train)  [1][3570/7312]  lr: 1.0000e-03  eta: 1 day, 14:00:58  time: 0.3840  data_time: 0.0086  memory: 5021  loss: 0.7455  loss_cls: 0.2419  loss_bbox: 0.4289  loss_dir: 0.0747
2026/03/12 09:57:30 - mmengine - INFO - Epoch(train)  [1][3580/7312]  lr: 1.0000e-03  eta: 1 day, 14:01:02  time: 0.3865  data_time: 0.0085  memory: 5022  loss: 0.7335  loss_cls: 0.2327  loss_bbox: 0.4275  loss_dir: 0.0733
2026/03/12 09:57:34 - mmengine - INFO - Epoch(train)  [1][3590/7312]  lr: 1.0000e-03  eta: 1 day, 14:00:55  time: 0.3742  data_time: 0.0084  memory: 5172  loss: 0.8043  loss_cls: 0.2403  loss_bbox: 0.4892  loss_dir: 0.0748
2026/03/12 09:57:38 - mmengine - INFO - Epoch(train)  [1][3600/7312]  lr: 1.0000e-03  eta: 1 day, 14:00:53  time: 0.3798  data_time: 0.0084  memory: 4981  loss: 0.7655  loss_cls: 0.2461  loss_bbox: 0.4484  loss_dir: 0.0709
2026/03/12 09:57:42 - mmengine - INFO - Epoch(train)  [1][3610/7312]  lr: 1.0000e-03  eta: 1 day, 14:00:41  time: 0.3697  data_time: 0.0086  memory: 4981  loss: 0.7393  loss_cls: 0.2370  loss_bbox: 0.4340  loss_dir: 0.0683
2026/03/12 09:57:45 - mmengine - INFO - Epoch(train)  [1][3620/7312]  lr: 1.0000e-03  eta: 1 day, 14:00:38  time: 0.3788  data_time: 0.0087  memory: 4981  loss: 0.6923  loss_cls: 0.2246  loss_bbox: 0.3971  loss_dir: 0.0706
2026/03/12 09:57:49 - mmengine - INFO - Epoch(train)  [1][3630/7312]  lr: 1.0000e-03  eta: 1 day, 14:00:33  time: 0.3777  data_time: 0.0086  memory: 4981  loss: 0.7292  loss_cls: 0.2320  loss_bbox: 0.4260  loss_dir: 0.0712
2026/03/12 09:57:53 - mmengine - INFO - Epoch(train)  [1][3640/7312]  lr: 1.0000e-03  eta: 1 day, 14:00:26  time: 0.3740  data_time: 0.0085  memory: 4981  loss: 0.7061  loss_cls: 0.2187  loss_bbox: 0.4203  loss_dir: 0.0671
2026/03/12 09:57:59 - mmengine - INFO - Epoch(train)  [1][3650/7312]  lr: 1.0000e-03  eta: 1 day, 14:04:47  time: 0.6455  data_time: 0.0083  memory: 4982  loss: 0.7144  loss_cls: 0.2348  loss_bbox: 0.4099  loss_dir: 0.0697
2026/03/12 09:58:10 - mmengine - INFO - Epoch(train)  [1][3660/7312]  lr: 1.0000e-03  eta: 1 day, 14:15:43  time: 1.0456  data_time: 0.0087  memory: 5053  loss: 0.7188  loss_cls: 0.2353  loss_bbox: 0.4143  loss_dir: 0.0692
2026/03/12 09:58:21 - mmengine - INFO - Epoch(train)  [1][3670/7312]  lr: 1.0000e-03  eta: 1 day, 14:28:06  time: 1.1384  data_time: 0.0089  memory: 5092  loss: 0.7649  loss_cls: 0.2405  loss_bbox: 0.4515  loss_dir: 0.0729
2026/03/12 09:58:32 - mmengine - INFO - Epoch(train)  [1][3680/7312]  lr: 1.0000e-03  eta: 1 day, 14:39:47  time: 1.0987  data_time: 0.0087  memory: 4981  loss: 0.7564  loss_cls: 0.2333  loss_bbox: 0.4518  loss_dir: 0.0712
2026/03/12 09:58:42 - mmengine - INFO - Epoch(train)  [1][3690/7312]  lr: 1.0000e-03  eta: 1 day, 14:50:08  time: 1.0224  data_time: 0.0087  memory: 5043  loss: 0.7624  loss_cls: 0.2564  loss_bbox: 0.4366  loss_dir: 0.0694
2026/03/12 09:58:53 - mmengine - INFO - Epoch(train)  [1][3700/7312]  lr: 1.0000e-03  eta: 1 day, 15:00:55  time: 1.0511  data_time: 0.0087  memory: 5013  loss: 0.6937  loss_cls: 0.2263  loss_bbox: 0.4008  loss_dir: 0.0667
2026/03/12 09:59:04 - mmengine - INFO - Epoch(train)  [1][3710/7312]  lr: 1.0000e-03  eta: 1 day, 15:12:31  time: 1.1058  data_time: 0.0088  memory: 5055  loss: 0.7446  loss_cls: 0.2414  loss_bbox: 0.4293  loss_dir: 0.0740
2026/03/12 09:59:11 - mmengine - INFO - Epoch(train)  [1][3720/7312]  lr: 1.0000e-03  eta: 1 day, 15:17:38  time: 0.7102  data_time: 0.0086  memory: 4980  loss: 0.7429  loss_cls: 0.2302  loss_bbox: 0.4387  loss_dir: 0.0740
2026/03/12 09:59:15 - mmengine - INFO - Epoch(train)  [1][3730/7312]  lr: 1.0000e-03  eta: 1 day, 15:17:25  time: 0.3810  data_time: 0.0088  memory: 4993  loss: 0.7531  loss_cls: 0.2295  loss_bbox: 0.4490  loss_dir: 0.0746
2026/03/12 09:59:19 - mmengine - INFO - Epoch(train)  [1][3740/7312]  lr: 1.0000e-03  eta: 1 day, 15:17:14  time: 0.3834  data_time: 0.0086  memory: 4995  loss: 0.7487  loss_cls: 0.2341  loss_bbox: 0.4439  loss_dir: 0.0707
2026/03/12 09:59:22 - mmengine - INFO - Epoch(train)  [1][3750/7312]  lr: 1.0000e-03  eta: 1 day, 15:16:55  time: 0.3759  data_time: 0.0085  memory: 4981  loss: 0.7384  loss_cls: 0.2473  loss_bbox: 0.4199  loss_dir: 0.0711
2026/03/12 09:59:26 - mmengine - INFO - Epoch(train)  [1][3760/7312]  lr: 1.0000e-03  eta: 1 day, 15:16:36  time: 0.3746  data_time: 0.0089  memory: 5043  loss: 0.7672  loss_cls: 0.2439  loss_bbox: 0.4519  loss_dir: 0.0714
2026/03/12 09:59:30 - mmengine - INFO - Epoch(train)  [1][3770/7312]  lr: 1.0000e-03  eta: 1 day, 15:16:16  time: 0.3737  data_time: 0.0087  memory: 5109  loss: 0.7415  loss_cls: 0.2256  loss_bbox: 0.4460  loss_dir: 0.0699
2026/03/12 09:59:34 - mmengine - INFO - Epoch(train)  [1][3780/7312]  lr: 1.0000e-03  eta: 1 day, 15:16:04  time: 0.3830  data_time: 0.0089  memory: 5024  loss: 0.7517  loss_cls: 0.2370  loss_bbox: 0.4394  loss_dir: 0.0753
2026/03/12 09:59:38 - mmengine - INFO - Epoch(train)  [1][3790/7312]  lr: 1.0000e-03  eta: 1 day, 15:15:44  time: 0.3738  data_time: 0.0085  memory: 4980  loss: 0.7453  loss_cls: 0.2365  loss_bbox: 0.4341  loss_dir: 0.0747
2026/03/12 09:59:41 - mmengine - INFO - Epoch(train)  [1][3800/7312]  lr: 1.0000e-03  eta: 1 day, 15:15:37  time: 0.3869  data_time: 0.0085  memory: 5011  loss: 0.7619  loss_cls: 0.2370  loss_bbox: 0.4511  loss_dir: 0.0738
2026/03/12 09:59:45 - mmengine - INFO - Epoch(train)  [1][3810/7312]  lr: 1.0000e-03  eta: 1 day, 15:15:25  time: 0.3823  data_time: 0.0087  memory: 4981  loss: 0.7624  loss_cls: 0.2426  loss_bbox: 0.4510  loss_dir: 0.0688
2026/03/12 09:59:49 - mmengine - INFO - Epoch(train)  [1][3820/7312]  lr: 1.0000e-03  eta: 1 day, 15:15:01  time: 0.3698  data_time: 0.0086  memory: 5016  loss: 0.7372  loss_cls: 0.2422  loss_bbox: 0.4246  loss_dir: 0.0704
2026/03/12 09:59:53 - mmengine - INFO - Epoch(train)  [1][3830/7312]  lr: 1.0000e-03  eta: 1 day, 15:14:39  time: 0.3707  data_time: 0.0083  memory: 4981  loss: 0.6995  loss_cls: 0.2184  loss_bbox: 0.4108  loss_dir: 0.0702
2026/03/12 09:59:56 - mmengine - INFO - Epoch(train)  [1][3840/7312]  lr: 1.0000e-03  eta: 1 day, 15:14:18  time: 0.3729  data_time: 0.0077  memory: 4981  loss: 0.7733  loss_cls: 0.2439  loss_bbox: 0.4608  loss_dir: 0.0687
2026/03/12 10:00:00 - mmengine - INFO - Epoch(train)  [1][3850/7312]  lr: 1.0000e-03  eta: 1 day, 15:14:02  time: 0.3771  data_time: 0.0082  memory: 4981  loss: 0.7346  loss_cls: 0.2346  loss_bbox: 0.4251  loss_dir: 0.0748
2026/03/12 10:00:04 - mmengine - INFO - Epoch(train)  [1][3860/7312]  lr: 1.0000e-03  eta: 1 day, 15:14:01  time: 0.3940  data_time: 0.0081  memory: 4981  loss: 0.7175  loss_cls: 0.2227  loss_bbox: 0.4258  loss_dir: 0.0690
2026/03/12 10:00:08 - mmengine - INFO - Epoch(train)  [1][3870/7312]  lr: 1.0000e-03  eta: 1 day, 15:13:47  time: 0.3794  data_time: 0.0087  memory: 4980  loss: 0.7607  loss_cls: 0.2403  loss_bbox: 0.4500  loss_dir: 0.0704
2026/03/12 10:00:12 - mmengine - INFO - Epoch(train)  [1][3880/7312]  lr: 1.0000e-03  eta: 1 day, 15:13:27  time: 0.3735  data_time: 0.0086  memory: 5132  loss: 0.7573  loss_cls: 0.2323  loss_bbox: 0.4547  loss_dir: 0.0703
2026/03/12 10:00:15 - mmengine - INFO - Epoch(train)  [1][3890/7312]  lr: 1.0000e-03  eta: 1 day, 15:13:10  time: 0.3764  data_time: 0.0087  memory: 5031  loss: 0.7284  loss_cls: 0.2271  loss_bbox: 0.4314  loss_dir: 0.0699
2026/03/12 10:00:19 - mmengine - INFO - Epoch(train)  [1][3900/7312]  lr: 1.0000e-03  eta: 1 day, 15:12:56  time: 0.3795  data_time: 0.0086  memory: 5060  loss: 0.7914  loss_cls: 0.2615  loss_bbox: 0.4550  loss_dir: 0.0749
2026/03/12 10:00:23 - mmengine - INFO - Epoch(train)  [1][3910/7312]  lr: 1.0000e-03  eta: 1 day, 15:12:41  time: 0.3774  data_time: 0.0086  memory: 5164  loss: 0.7353  loss_cls: 0.2340  loss_bbox: 0.4297  loss_dir: 0.0716
2026/03/12 10:00:27 - mmengine - INFO - Epoch(train)  [1][3920/7312]  lr: 1.0000e-03  eta: 1 day, 15:12:21  time: 0.3729  data_time: 0.0085  memory: 4981  loss: 0.7498  loss_cls: 0.2269  loss_bbox: 0.4518  loss_dir: 0.0712
2026/03/12 10:00:30 - mmengine - INFO - Epoch(train)  [1][3930/7312]  lr: 1.0000e-03  eta: 1 day, 15:12:08  time: 0.3809  data_time: 0.0087  memory: 4980  loss: 0.7367  loss_cls: 0.2408  loss_bbox: 0.4274  loss_dir: 0.0685
2026/03/12 10:00:34 - mmengine - INFO - Epoch(train)  [1][3940/7312]  lr: 1.0000e-03  eta: 1 day, 15:11:47  time: 0.3720  data_time: 0.0084  memory: 4981  loss: 0.7136  loss_cls: 0.2222  loss_bbox: 0.4250  loss_dir: 0.0664
2026/03/12 10:00:38 - mmengine - INFO - Epoch(train)  [1][3950/7312]  lr: 1.0000e-03  eta: 1 day, 15:11:31  time: 0.3768  data_time: 0.0087  memory: 4981  loss: 0.7433  loss_cls: 0.2348  loss_bbox: 0.4376  loss_dir: 0.0709
2026/03/12 10:00:42 - mmengine - INFO - Epoch(train)  [1][3960/7312]  lr: 1.0000e-03  eta: 1 day, 15:11:12  time: 0.3730  data_time: 0.0084  memory: 4981  loss: 0.7364  loss_cls: 0.2336  loss_bbox: 0.4315  loss_dir: 0.0713
2026/03/12 10:00:45 - mmengine - INFO - Epoch(train)  [1][3970/7312]  lr: 1.0000e-03  eta: 1 day, 15:10:48  time: 0.3687  data_time: 0.0085  memory: 5079  loss: 0.7152  loss_cls: 0.2286  loss_bbox: 0.4192  loss_dir: 0.0674
2026/03/12 10:00:49 - mmengine - INFO - Epoch(train)  [1][3980/7312]  lr: 1.0000e-03  eta: 1 day, 15:10:32  time: 0.3761  data_time: 0.0086  memory: 5014  loss: 0.7457  loss_cls: 0.2231  loss_bbox: 0.4487  loss_dir: 0.0739
2026/03/12 10:00:53 - mmengine - INFO - Epoch(train)  [1][3990/7312]  lr: 1.0000e-03  eta: 1 day, 15:10:18  time: 0.3795  data_time: 0.0085  memory: 5005  loss: 0.7305  loss_cls: 0.2306  loss_bbox: 0.4318  loss_dir: 0.0681
2026/03/12 10:00:57 - mmengine - INFO - Exp name: cbam_ensemble_vlm_film_10_conditions_20260312_093320
2026/03/12 10:00:57 - mmengine - INFO - Epoch(train)  [1][4000/7312]  lr: 1.0000e-03  eta: 1 day, 15:09:57  time: 0.3700  data_time: 0.0083  memory: 4988  loss: 0.7771  loss_cls: 0.2398  loss_bbox: 0.4667  loss_dir: 0.0705
2026/03/12 10:01:00 - mmengine - INFO - Epoch(train)  [1][4010/7312]  lr: 1.0000e-03  eta: 1 day, 15:09:35  time: 0.3701  data_time: 0.0086  memory: 4981  loss: 0.8037  loss_cls: 0.2493  loss_bbox: 0.4799  loss_dir: 0.0746
2026/03/12 10:01:04 - mmengine - INFO - Epoch(train)  [1][4020/7312]  lr: 1.0000e-03  eta: 1 day, 15:09:19  time: 0.3763  data_time: 0.0085  memory: 5034  loss: 0.7172  loss_cls: 0.2293  loss_bbox: 0.4186  loss_dir: 0.0693
2026/03/12 10:01:08 - mmengine - INFO - Epoch(train)  [1][4030/7312]  lr: 1.0000e-03  eta: 1 day, 15:09:01  time: 0.3741  data_time: 0.0083  memory: 4981  loss: 0.7041  loss_cls: 0.2210  loss_bbox: 0.4123  loss_dir: 0.0707
2026/03/12 10:01:12 - mmengine - INFO - Epoch(train)  [1][4040/7312]  lr: 1.0000e-03  eta: 1 day, 15:08:41  time: 0.3722  data_time: 0.0085  memory: 5039  loss: 0.7077  loss_cls: 0.2176  loss_bbox: 0.4163  loss_dir: 0.0739
2026/03/12 10:01:15 - mmengine - INFO - Epoch(train)  [1][4050/7312]  lr: 1.0000e-03  eta: 1 day, 15:08:25  time: 0.3759  data_time: 0.0085  memory: 5133  loss: 0.7294  loss_cls: 0.2356  loss_bbox: 0.4251  loss_dir: 0.0687
2026/03/12 10:01:19 - mmengine - INFO - Epoch(train)  [1][4060/7312]  lr: 1.0000e-03  eta: 1 day, 15:08:08  time: 0.3758  data_time: 0.0084  memory: 5063  loss: 0.7495  loss_cls: 0.2300  loss_bbox: 0.4442  loss_dir: 0.0752
2026/03/12 10:01:23 - mmengine - INFO - Epoch(train)  [1][4070/7312]  lr: 1.0000e-03  eta: 1 day, 15:08:05  time: 0.3902  data_time: 0.0087  memory: 4997  loss: 0.7026  loss_cls: 0.2241  loss_bbox: 0.4095  loss_dir: 0.0691
2026/03/12 10:01:27 - mmengine - INFO - Epoch(train)  [1][4080/7312]  lr: 1.0000e-03  eta: 1 day, 15:07:48  time: 0.3750  data_time: 0.0089  memory: 4981  loss: 0.7353  loss_cls: 0.2230  loss_bbox: 0.4426  loss_dir: 0.0698
2026/03/12 10:01:31 - mmengine - INFO - Epoch(train)  [1][4090/7312]  lr: 1.0000e-03  eta: 1 day, 15:07:34  time: 0.3781  data_time: 0.0087  memory: 5042  loss: 0.7679  loss_cls: 0.2351  loss_bbox: 0.4560  loss_dir: 0.0768
2026/03/12 10:01:34 - mmengine - INFO - Epoch(train)  [1][4100/7312]  lr: 1.0000e-03  eta: 1 day, 15:07:22  time: 0.3805  data_time: 0.0086  memory: 4981  loss: 0.7273  loss_cls: 0.2395  loss_bbox: 0.4178  loss_dir: 0.0701
2026/03/12 10:01:41 - mmengine - INFO - Epoch(train)  [1][4110/7312]  lr: 1.0000e-03  eta: 1 day, 15:11:25  time: 0.6702  data_time: 0.0082  memory: 4992  loss: 0.7073  loss_cls: 0.2331  loss_bbox: 0.4044  loss_dir: 0.0698
2026/03/12 10:01:51 - mmengine - INFO - Epoch(train)  [1][4120/7312]  lr: 1.0000e-03  eta: 1 day, 15:20:33  time: 1.0195  data_time: 0.0091  memory: 5058  loss: 0.7682  loss_cls: 0.2552  loss_bbox: 0.4407  loss_dir: 0.0723
2026/03/12 10:02:03 - mmengine - INFO - Epoch(train)  [1][4130/7312]  lr: 1.0000e-03  eta: 1 day, 15:31:28  time: 1.1444  data_time: 0.0089  memory: 5019  loss: 0.7672  loss_cls: 0.2456  loss_bbox: 0.4450  loss_dir: 0.0766
2026/03/12 10:02:14 - mmengine - INFO - Epoch(train)  [1][4140/7312]  lr: 1.0000e-03  eta: 1 day, 15:41:59  time: 1.1214  data_time: 0.0083  memory: 5145  loss: 0.8110  loss_cls: 0.2574  loss_bbox: 0.4764  loss_dir: 0.0771
2026/03/12 10:02:26 - mmengine - INFO - Epoch(train)  [1][4150/7312]  lr: 1.0000e-03  eta: 1 day, 15:53:14  time: 1.1745  data_time: 0.0087  memory: 5112  loss: 0.7317  loss_cls: 0.2279  loss_bbox: 0.4325  loss_dir: 0.0713
2026/03/12 10:02:37 - mmengine - INFO - Epoch(train)  [1][4160/7312]  lr: 1.0000e-03  eta: 1 day, 16:03:57  time: 1.1420  data_time: 0.0087  memory: 4989  loss: 0.6806  loss_cls: 0.2159  loss_bbox: 0.3967  loss_dir: 0.0679
2026/03/12 10:02:48 - mmengine - INFO - Epoch(train)  [1][4170/7312]  lr: 1.0000e-03  eta: 1 day, 16:13:15  time: 1.0477  data_time: 0.0088  memory: 4983  loss: 0.7091  loss_cls: 0.2331  loss_bbox: 0.4091  loss_dir: 0.0669
2026/03/12 10:02:59 - mmengine - INFO - Epoch(train)  [1][4180/7312]  lr: 1.0000e-03  eta: 1 day, 16:23:34  time: 1.1209  data_time: 0.0087  memory: 4980  loss: 0.7501  loss_cls: 0.2341  loss_bbox: 0.4424  loss_dir: 0.0736
2026/03/12 10:03:10 - mmengine - INFO - Epoch(train)  [1][4190/7312]  lr: 1.0000e-03  eta: 1 day, 16:33:23  time: 1.0897  data_time: 0.0084  memory: 5067  loss: 0.7647  loss_cls: 0.2366  loss_bbox: 0.4533  loss_dir: 0.0748
2026/03/12 10:03:21 - mmengine - INFO - Epoch(train)  [1][4200/7312]  lr: 1.0000e-03  eta: 1 day, 16:43:39  time: 1.1247  data_time: 0.0084  memory: 5002  loss: 0.6911  loss_cls: 0.2192  loss_bbox: 0.4051  loss_dir: 0.0668
2026/03/12 10:03:32 - mmengine - INFO - Epoch(train)  [1][4210/7312]  lr: 1.0000e-03  eta: 1 day, 16:53:44  time: 1.1149  data_time: 0.0088  memory: 5112  loss: 0.7420  loss_cls: 0.2335  loss_bbox: 0.4394  loss_dir: 0.0691
2026/03/12 10:03:44 - mmengine - INFO - Epoch(train)  [1][4220/7312]  lr: 1.0000e-03  eta: 1 day, 17:04:14  time: 1.1481  data_time: 0.0086  memory: 5039  loss: 0.7594  loss_cls: 0.2422  loss_bbox: 0.4465  loss_dir: 0.0707
2026/03/12 10:03:54 - mmengine - INFO - Epoch(train)  [1][4230/7312]  lr: 1.0000e-03  eta: 1 day, 17:13:54  time: 1.0931  data_time: 0.0087  memory: 5145  loss: 0.7612  loss_cls: 0.2377  loss_bbox: 0.4519  loss_dir: 0.0716
2026/03/12 10:04:05 - mmengine - INFO - Epoch(train)  [1][4240/7312]  lr: 1.0000e-03  eta: 1 day, 17:22:43  time: 1.0363  data_time: 0.0084  memory: 5038  loss: 0.7279  loss_cls: 0.2298  loss_bbox: 0.4271  loss_dir: 0.0710
2026/03/12 10:04:15 - mmengine - INFO - Epoch(train)  [1][4250/7312]  lr: 1.0000e-03  eta: 1 day, 17:31:50  time: 1.0605  data_time: 0.0085  memory: 4981  loss: 0.7399  loss_cls: 0.2354  loss_bbox: 0.4338  loss_dir: 0.0707
2026/03/12 10:04:19 - mmengine - INFO - Epoch(train)  [1][4260/7312]  lr: 1.0000e-03  eta: 1 day, 17:31:14  time: 0.3763  data_time: 0.0089  memory: 5034  loss: 0.7353  loss_cls: 0.2187  loss_bbox: 0.4444  loss_dir: 0.0722
2026/03/12 10:04:23 - mmengine - INFO - Epoch(train)  [1][4270/7312]  lr: 1.0000e-03  eta: 1 day, 17:30:38  time: 0.3758  data_time: 0.0089  memory: 5076  loss: 0.7510  loss_cls: 0.2377  loss_bbox: 0.4392  loss_dir: 0.0741
2026/03/12 10:04:27 - mmengine - INFO - Epoch(train)  [1][4280/7312]  lr: 1.0000e-03  eta: 1 day, 17:30:07  time: 0.3815  data_time: 0.0091  memory: 4981  loss: 0.7695  loss_cls: 0.2470  loss_bbox: 0.4499  loss_dir: 0.0726
2026/03/12 10:04:31 - mmengine - INFO - Epoch(train)  [1][4290/7312]  lr: 1.0000e-03  eta: 1 day, 17:29:39  time: 0.3853  data_time: 0.0093  memory: 4981  loss: 0.7337  loss_cls: 0.2329  loss_bbox: 0.4341  loss_dir: 0.0667
2026/03/12 10:04:34 - mmengine - INFO - Epoch(train)  [1][4300/7312]  lr: 1.0000e-03  eta: 1 day, 17:29:09  time: 0.3825  data_time: 0.0086  memory: 4981  loss: 0.6742  loss_cls: 0.2273  loss_bbox: 0.3808  loss_dir: 0.0661
2026/03/12 10:04:38 - mmengine - INFO - Epoch(train)  [1][4310/7312]  lr: 1.0000e-03  eta: 1 day, 17:28:34  time: 0.3761  data_time: 0.0088  memory: 4996  loss: 0.7295  loss_cls: 0.2284  loss_bbox: 0.4321  loss_dir: 0.0689
2026/03/12 10:04:42 - mmengine - INFO - Epoch(train)  [1][4320/7312]  lr: 1.0000e-03  eta: 1 day, 17:28:02  time: 0.3801  data_time: 0.0088  memory: 4981  loss: 0.6989  loss_cls: 0.2242  loss_bbox: 0.4076  loss_dir: 0.0671
2026/03/12 10:04:46 - mmengine - INFO - Epoch(train)  [1][4330/7312]  lr: 1.0000e-03  eta: 1 day, 17:27:29  time: 0.3788  data_time: 0.0084  memory: 4981  loss: 0.7425  loss_cls: 0.2368  loss_bbox: 0.4347  loss_dir: 0.0711
2026/03/12 10:04:50 - mmengine - INFO - Epoch(train)  [1][4340/7312]  lr: 1.0000e-03  eta: 1 day, 17:26:53  time: 0.3751  data_time: 0.0086  memory: 5054  loss: 0.6974  loss_cls: 0.2333  loss_bbox: 0.3954  loss_dir: 0.0687
2026/03/12 10:04:53 - mmengine - INFO - Epoch(train)  [1][4350/7312]  lr: 1.0000e-03  eta: 1 day, 17:26:17  time: 0.3750  data_time: 0.0086  memory: 5052  loss: 0.7742  loss_cls: 0.2379  loss_bbox: 0.4646  loss_dir: 0.0716
2026/03/12 10:04:57 - mmengine - INFO - Epoch(train)  [1][4360/7312]  lr: 1.0000e-03  eta: 1 day, 17:25:39  time: 0.3717  data_time: 0.0089  memory: 5025  loss: 0.7609  loss_cls: 0.2507  loss_bbox: 0.4403  loss_dir: 0.0699
2026/03/12 10:05:01 - mmengine - INFO - Epoch(train)  [1][4370/7312]  lr: 1.0000e-03  eta: 1 day, 17:25:08  time: 0.3802  data_time: 0.0086  memory: 4981  loss: 0.7333  loss_cls: 0.2203  loss_bbox: 0.4403  loss_dir: 0.0728
2026/03/12 10:05:05 - mmengine - INFO - Epoch(train)  [1][4380/7312]  lr: 1.0000e-03  eta: 1 day, 17:24:35  time: 0.3776  data_time: 0.0084  memory: 5034  loss: 0.7781  loss_cls: 0.2323  loss_bbox: 0.4712  loss_dir: 0.0746
2026/03/12 10:05:08 - mmengine - INFO - Epoch(train)  [1][4390/7312]  lr: 1.0000e-03  eta: 1 day, 17:23:59  time: 0.3743  data_time: 0.0078  memory: 5010  loss: 0.7294  loss_cls: 0.2367  loss_bbox: 0.4238  loss_dir: 0.0689
2026/03/12 10:05:12 - mmengine - INFO - Epoch(train)  [1][4400/7312]  lr: 1.0000e-03  eta: 1 day, 17:23:25  time: 0.3755  data_time: 0.0086  memory: 5024  loss: 0.7516  loss_cls: 0.2396  loss_bbox: 0.4417  loss_dir: 0.0702
2026/03/12 10:05:16 - mmengine - INFO - Epoch(train)  [1][4410/7312]  lr: 1.0000e-03  eta: 1 day, 17:22:54  time: 0.3797  data_time: 0.0088  memory: 5005  loss: 0.7310  loss_cls: 0.2340  loss_bbox: 0.4276  loss_dir: 0.0694
2026/03/12 10:05:20 - mmengine - INFO - Epoch(train)  [1][4420/7312]  lr: 1.0000e-03  eta: 1 day, 17:22:39  time: 0.4000  data_time: 0.0083  memory: 5049  loss: 0.7778  loss_cls: 0.2543  loss_bbox: 0.4526  loss_dir: 0.0708
2026/03/12 10:05:24 - mmengine - INFO - Epoch(train)  [1][4430/7312]  lr: 1.0000e-03  eta: 1 day, 17:22:04  time: 0.3738  data_time: 0.0086  memory: 5035  loss: 0.7097  loss_cls: 0.2259  loss_bbox: 0.4158  loss_dir: 0.0681
2026/03/12 10:05:27 - mmengine - INFO - Epoch(train)  [1][4440/7312]  lr: 1.0000e-03  eta: 1 day, 17:21:31  time: 0.3770  data_time: 0.0081  memory: 5052  loss: 0.7904  loss_cls: 0.2501  loss_bbox: 0.4653  loss_dir: 0.0750
2026/03/12 10:05:31 - mmengine - INFO - Epoch(train)  [1][4450/7312]  lr: 1.0000e-03  eta: 1 day, 17:21:02  time: 0.3813  data_time: 0.0079  memory: 5039  loss: 0.7242  loss_cls: 0.2193  loss_bbox: 0.4318  loss_dir: 0.0731
2026/03/12 10:05:35 - mmengine - INFO - Epoch(train)  [1][4460/7312]  lr: 1.0000e-03  eta: 1 day, 17:20:26  time: 0.3738  data_time: 0.0080  memory: 5054  loss: 0.7349  loss_cls: 0.2390  loss_bbox: 0.4316  loss_dir: 0.0643
2026/03/12 10:05:39 - mmengine - INFO - Epoch(train)  [1][4470/7312]  lr: 1.0000e-03  eta: 1 day, 17:19:55  time: 0.3785  data_time: 0.0082  memory: 4986  loss: 0.7739  loss_cls: 0.2438  loss_bbox: 0.4566  loss_dir: 0.0735
2026/03/12 10:05:42 - mmengine - INFO - Epoch(train)  [1][4480/7312]  lr: 1.0000e-03  eta: 1 day, 17:19:23  time: 0.3769  data_time: 0.0080  memory: 5000  loss: 0.7139  loss_cls: 0.2251  loss_bbox: 0.4215  loss_dir: 0.0673
2026/03/12 10:05:46 - mmengine - INFO - Epoch(train)  [1][4490/7312]  lr: 1.0000e-03  eta: 1 day, 17:18:55  time: 0.3826  data_time: 0.0079  memory: 4990  loss: 0.7551  loss_cls: 0.2357  loss_bbox: 0.4438  loss_dir: 0.0756
2026/03/12 10:05:50 - mmengine - INFO - Epoch(train)  [1][4500/7312]  lr: 1.0000e-03  eta: 1 day, 17:18:19  time: 0.3725  data_time: 0.0078  memory: 5024  loss: 0.7129  loss_cls: 0.2182  loss_bbox: 0.4339  loss_dir: 0.0607
2026/03/12 10:05:54 - mmengine - INFO - Epoch(train)  [1][4510/7312]  lr: 1.0000e-03  eta: 1 day, 17:17:43  time: 0.3720  data_time: 0.0078  memory: 5082  loss: 0.7399  loss_cls: 0.2335  loss_bbox: 0.4382  loss_dir: 0.0682
2026/03/12 10:05:58 - mmengine - INFO - Epoch(train)  [1][4520/7312]  lr: 1.0000e-03  eta: 1 day, 17:17:12  time: 0.3784  data_time: 0.0081  memory: 4991  loss: 0.7309  loss_cls: 0.2317  loss_bbox: 0.4321  loss_dir: 0.0671
2026/03/12 10:06:01 - mmengine - INFO - Epoch(train)  [1][4530/7312]  lr: 1.0000e-03  eta: 1 day, 17:16:45  time: 0.3828  data_time: 0.0082  memory: 4981  loss: 0.7308  loss_cls: 0.2390  loss_bbox: 0.4179  loss_dir: 0.0739
2026/03/12 10:06:05 - mmengine - INFO - Epoch(train)  [1][4540/7312]  lr: 1.0000e-03  eta: 1 day, 17:16:13  time: 0.3765  data_time: 0.0081  memory: 5108  loss: 0.7575  loss_cls: 0.2358  loss_bbox: 0.4539  loss_dir: 0.0679
2026/03/12 10:06:09 - mmengine - INFO - Epoch(train)  [1][4550/7312]  lr: 1.0000e-03  eta: 1 day, 17:15:45  time: 0.3805  data_time: 0.0080  memory: 5165  loss: 0.7790  loss_cls: 0.2217  loss_bbox: 0.4834  loss_dir: 0.0740
2026/03/12 10:06:13 - mmengine - INFO - Epoch(train)  [1][4560/7312]  lr: 1.0000e-03  eta: 1 day, 17:15:16  time: 0.3806  data_time: 0.0081  memory: 4980  loss: 0.7073  loss_cls: 0.2271  loss_bbox: 0.4158  loss_dir: 0.0644
2026/03/12 10:06:17 - mmengine - INFO - Epoch(train)  [1][4570/7312]  lr: 1.0000e-03  eta: 1 day, 17:14:52  time: 0.3855  data_time: 0.0081  memory: 5064  loss: 0.7419  loss_cls: 0.2261  loss_bbox: 0.4429  loss_dir: 0.0729
2026/03/12 10:06:20 - mmengine - INFO - Epoch(train)  [1][4580/7312]  lr: 1.0000e-03  eta: 1 day, 17:14:16  time: 0.3709  data_time: 0.0081  memory: 5031  loss: 0.7382  loss_cls: 0.2290  loss_bbox: 0.4365  loss_dir: 0.0728
2026/03/12 10:06:24 - mmengine - INFO - Epoch(train)  [1][4590/7312]  lr: 1.0000e-03  eta: 1 day, 17:13:49  time: 0.3829  data_time: 0.0081  memory: 4980  loss: 0.7328  loss_cls: 0.2281  loss_bbox: 0.4335  loss_dir: 0.0712
2026/03/12 10:06:28 - mmengine - INFO - Epoch(train)  [1][4600/7312]  lr: 1.0000e-03  eta: 1 day, 17:13:22  time: 0.3813  data_time: 0.0080  memory: 5025  loss: 0.6708  loss_cls: 0.2045  loss_bbox: 0.3998  loss_dir: 0.0665
2026/03/12 10:06:32 - mmengine - INFO - Epoch(train)  [1][4610/7312]  lr: 1.0000e-03  eta: 1 day, 17:12:52  time: 0.3781  data_time: 0.0084  memory: 5095  loss: 0.7734  loss_cls: 0.2399  loss_bbox: 0.4599  loss_dir: 0.0736
2026/03/12 10:06:36 - mmengine - INFO - Epoch(train)  [1][4620/7312]  lr: 1.0000e-03  eta: 1 day, 17:12:24  time: 0.3801  data_time: 0.0083  memory: 5024  loss: 0.6916  loss_cls: 0.2162  loss_bbox: 0.4057  loss_dir: 0.0697
2026/03/12 10:06:39 - mmengine - INFO - Epoch(train)  [1][4630/7312]  lr: 1.0000e-03  eta: 1 day, 17:11:57  time: 0.3819  data_time: 0.0091  memory: 4989  loss: 0.6669  loss_cls: 0.2056  loss_bbox: 0.3983  loss_dir: 0.0630
2026/03/12 10:06:43 - mmengine - INFO - Epoch(train)  [1][4640/7312]  lr: 1.0000e-03  eta: 1 day, 17:11:30  time: 0.3818  data_time: 0.0082  memory: 4996  loss: 0.7221  loss_cls: 0.2276  loss_bbox: 0.4279  loss_dir: 0.0666
2026/03/12 10:06:47 - mmengine - INFO - Epoch(train)  [1][4650/7312]  lr: 1.0000e-03  eta: 1 day, 17:10:57  time: 0.3728  data_time: 0.0082  memory: 5075  loss: 0.7589  loss_cls: 0.2336  loss_bbox: 0.4516  loss_dir: 0.0737
2026/03/12 10:06:54 - mmengine - INFO - Epoch(train)  [1][4660/7312]  lr: 1.0000e-03  eta: 1 day, 17:14:29  time: 0.6900  data_time: 0.0079  memory: 5110  loss: 0.7886  loss_cls: 0.2407  loss_bbox: 0.4732  loss_dir: 0.0748
2026/03/12 10:07:09 - mmengine - INFO - Epoch(train)  [1][4670/7312]  lr: 1.0000e-03  eta: 1 day, 17:28:58  time: 1.5415  data_time: 0.0083  memory: 4982  loss: 0.7071  loss_cls: 0.2229  loss_bbox: 0.4165  loss_dir: 0.0677
2026/03/12 10:07:22 - mmengine - INFO - Epoch(train)  [1][4680/7312]  lr: 1.0000e-03  eta: 1 day, 17:39:28  time: 1.2362  data_time: 0.0087  memory: 5001  loss: 0.7350  loss_cls: 0.2320  loss_bbox: 0.4310  loss_dir: 0.0720
2026/03/12 10:07:25 - mmengine - INFO - Epoch(train)  [1][4690/7312]  lr: 1.0000e-03  eta: 1 day, 17:39:01  time: 0.3858  data_time: 0.0086  memory: 5106  loss: 0.7529  loss_cls: 0.2264  loss_bbox: 0.4539  loss_dir: 0.0725
2026/03/12 10:07:29 - mmengine - INFO - Epoch(train)  [1][4700/7312]  lr: 1.0000e-03  eta: 1 day, 17:38:25  time: 0.3731  data_time: 0.0093  memory: 4981  loss: 0.6862  loss_cls: 0.2145  loss_bbox: 0.4031  loss_dir: 0.0686
2026/03/12 10:07:33 - mmengine - INFO - Epoch(train)  [1][4710/7312]  lr: 1.0000e-03  eta: 1 day, 17:37:53  time: 0.3794  data_time: 0.0089  memory: 4980  loss: 0.7379  loss_cls: 0.2190  loss_bbox: 0.4445  loss_dir: 0.0745
2026/03/12 10:07:37 - mmengine - INFO - Epoch(train)  [1][4720/7312]  lr: 1.0000e-03  eta: 1 day, 17:37:25  time: 0.3838  data_time: 0.0090  memory: 5045  loss: 0.7530  loss_cls: 0.2364  loss_bbox: 0.4466  loss_dir: 0.0700
2026/03/12 10:07:41 - mmengine - INFO - Epoch(train)  [1][4730/7312]  lr: 1.0000e-03  eta: 1 day, 17:36:54  time: 0.3803  data_time: 0.0090  memory: 4980  loss: 0.6920  loss_cls: 0.2262  loss_bbox: 0.4049  loss_dir: 0.0609
2026/03/12 10:07:44 - mmengine - INFO - Epoch(train)  [1][4740/7312]  lr: 1.0000e-03  eta: 1 day, 17:36:21  time: 0.3775  data_time: 0.0089  memory: 4983  loss: 0.7311  loss_cls: 0.2256  loss_bbox: 0.4338  loss_dir: 0.0717
2026/03/12 10:07:48 - mmengine - INFO - Epoch(train)  [1][4750/7312]  lr: 1.0000e-03  eta: 1 day, 17:35:46  time: 0.3749  data_time: 0.0087  memory: 4992  loss: 0.6468  loss_cls: 0.2088  loss_bbox: 0.3739  loss_dir: 0.0641
2026/03/12 10:07:52 - mmengine - INFO - Epoch(train)  [1][4760/7312]  lr: 1.0000e-03  eta: 1 day, 17:35:15  time: 0.3786  data_time: 0.0091  memory: 4982  loss: 0.7274  loss_cls: 0.2313  loss_bbox: 0.4289  loss_dir: 0.0672
2026/03/12 10:07:56 - mmengine - INFO - Epoch(train)  [1][4770/7312]  lr: 1.0000e-03  eta: 1 day, 17:34:43  time: 0.3788  data_time: 0.0096  memory: 4991  loss: 0.7327  loss_cls: 0.2290  loss_bbox: 0.4355  loss_dir: 0.0682
2026/03/12 10:07:59 - mmengine - INFO - Epoch(train)  [1][4780/7312]  lr: 1.0000e-03  eta: 1 day, 17:34:09  time: 0.3750  data_time: 0.0092  memory: 4996  loss: 0.7343  loss_cls: 0.2346  loss_bbox: 0.4294  loss_dir: 0.0703
2026/03/12 10:08:03 - mmengine - INFO - Epoch(train)  [1][4790/7312]  lr: 1.0000e-03  eta: 1 day, 17:33:39  time: 0.3809  data_time: 0.0092  memory: 4981  loss: 0.7012  loss_cls: 0.2193  loss_bbox: 0.4113  loss_dir: 0.0706
2026/03/12 10:08:07 - mmengine - INFO - Epoch(train)  [1][4800/7312]  lr: 1.0000e-03  eta: 1 day, 17:33:08  time: 0.3780  data_time: 0.0093  memory: 4980  loss: 0.7169  loss_cls: 0.2285  loss_bbox: 0.4215  loss_dir: 0.0669
2026/03/12 10:08:11 - mmengine - INFO - Epoch(train)  [1][4810/7312]  lr: 1.0000e-03  eta: 1 day, 17:32:38  time: 0.3804  data_time: 0.0092  memory: 5099  loss: 0.7130  loss_cls: 0.2228  loss_bbox: 0.4217  loss_dir: 0.0686
2026/03/12 10:08:15 - mmengine - INFO - Epoch(train)  [1][4820/7312]  lr: 1.0000e-03  eta: 1 day, 17:32:10  time: 0.3832  data_time: 0.0090  memory: 5053  loss: 0.7490  loss_cls: 0.2391  loss_bbox: 0.4379  loss_dir: 0.0720
2026/03/12 10:08:18 - mmengine - INFO - Epoch(train)  [1][4830/7312]  lr: 1.0000e-03  eta: 1 day, 17:31:36  time: 0.3748  data_time: 0.0090  memory: 4987  loss: 0.7157  loss_cls: 0.2262  loss_bbox: 0.4199  loss_dir: 0.0697
2026/03/12 10:08:22 - mmengine - INFO - Epoch(train)  [1][4840/7312]  lr: 1.0000e-03  eta: 1 day, 17:31:11  time: 0.3863  data_time: 0.0093  memory: 4981  loss: 0.6752  loss_cls: 0.2046  loss_bbox: 0.4022  loss_dir: 0.0684
2026/03/12 10:08:26 - mmengine - INFO - Epoch(train)  [1][4850/7312]  lr: 1.0000e-03  eta: 1 day, 17:30:43  time: 0.3812  data_time: 0.0091  memory: 4980  loss: 0.6862  loss_cls: 0.2167  loss_bbox: 0.4021  loss_dir: 0.0674
2026/03/12 10:08:30 - mmengine - INFO - Epoch(train)  [1][4860/7312]  lr: 1.0000e-03  eta: 1 day, 17:30:09  time: 0.3749  data_time: 0.0089  memory: 5042  loss: 0.7106  loss_cls: 0.2273  loss_bbox: 0.4134  loss_dir: 0.0699
2026/03/12 10:08:34 - mmengine - INFO - Epoch(train)  [1][4870/7312]  lr: 1.0000e-03  eta: 1 day, 17:29:39  time: 0.3786  data_time: 0.0090  memory: 4982  loss: 0.6846  loss_cls: 0.2264  loss_bbox: 0.3904  loss_dir: 0.0678
2026/03/12 10:08:37 - mmengine - INFO - Epoch(train)  [1][4880/7312]  lr: 1.0000e-03  eta: 1 day, 17:29:02  time: 0.3700  data_time: 0.0092  memory: 5054  loss: 0.6928  loss_cls: 0.2239  loss_bbox: 0.4047  loss_dir: 0.0642
2026/03/12 10:08:41 - mmengine - INFO - Epoch(train)  [1][4890/7312]  lr: 1.0000e-03  eta: 1 day, 17:28:26  time: 0.3704  data_time: 0.0088  memory: 5030  loss: 0.7371  loss_cls: 0.2267  loss_bbox: 0.4417  loss_dir: 0.0688
2026/03/12 10:08:45 - mmengine - INFO - Epoch(train)  [1][4900/7312]  lr: 1.0000e-03  eta: 1 day, 17:27:56  time: 0.3797  data_time: 0.0091  memory: 4982  loss: 0.7423  loss_cls: 0.2481  loss_bbox: 0.4242  loss_dir: 0.0700
2026/03/12 10:08:49 - mmengine - INFO - Epoch(train)  [1][4910/7312]  lr: 1.0000e-03  eta: 1 day, 17:27:25  time: 0.3769  data_time: 0.0089  memory: 5016  loss: 0.7115  loss_cls: 0.2263  loss_bbox: 0.4162  loss_dir: 0.0690
2026/03/12 10:08:52 - mmengine - INFO - Epoch(train)  [1][4920/7312]  lr: 1.0000e-03  eta: 1 day, 17:27:00  time: 0.3858  data_time: 0.0092  memory: 4994  loss: 0.7616  loss_cls: 0.2318  loss_bbox: 0.4553  loss_dir: 0.0744
2026/03/12 10:08:56 - mmengine - INFO - Epoch(train)  [1][4930/7312]  lr: 1.0000e-03  eta: 1 day, 17:26:35  time: 0.3852  data_time: 0.0088  memory: 4981  loss: 0.7746  loss_cls: 0.2309  loss_bbox: 0.4693  loss_dir: 0.0744
2026/03/12 10:09:00 - mmengine - INFO - Epoch(train)  [1][4940/7312]  lr: 1.0000e-03  eta: 1 day, 17:26:02  time: 0.3737  data_time: 0.0091  memory: 5056  loss: 0.7321  loss_cls: 0.2394  loss_bbox: 0.4253  loss_dir: 0.0674
2026/03/12 10:09:04 - mmengine - INFO - Epoch(train)  [1][4950/7312]  lr: 1.0000e-03  eta: 1 day, 17:25:36  time: 0.3838  data_time: 0.0092  memory: 5010  loss: 0.6822  loss_cls: 0.2226  loss_bbox: 0.3900  loss_dir: 0.0696
2026/03/12 10:09:08 - mmengine - INFO - Epoch(train)  [1][4960/7312]  lr: 1.0000e-03  eta: 1 day, 17:25:09  time: 0.3814  data_time: 0.0091  memory: 5081  loss: 0.7030  loss_cls: 0.2198  loss_bbox: 0.4141  loss_dir: 0.0690
